delivery_id,distance_km,package_weight_kg,vehicle_type,traffic_level,weather_condition,driver_experience_years,delivery_hour,delivery_time_minutes,delay_status,delayed,is_peak_hour,heavy_package,distance_category,driver_experience_level
DLV1,7.0,17,Bike,High,Stormy,4,15,85.0,1,0,0,0,Medium,Intermediate
DLV2,20.0,14,Truck,Medium,Rainy,9,8,88.5,1,0,1,0,Medium,Experienced
DLV3,29.0,9,Bike,High,Rainy,3,16,123.5,1,1,1,0,Long,Intermediate
DLV4,15.0,14,Van,High,Foggy,7,16,108.5,1,1,1,0,Medium,Experienced
DLV5,11.0,1,Bike,Medium,Clear,8,18,49.0,0,0,1,0,Medium,Experienced
DLV6,8.0,19,Truck,,Foggy,6,12,83.0,1,0,0,0,Medium,Experienced
DLV7,29.0,13,Van,High,Foggy,6,22,119.0,1,1,0,0,Long,Experienced
DLV8,21.0,13,Bike,High,Rainy,4,7,119.0,1,1,1,0,Long,Intermediate
DLV9,7.0,4,Bike,Low,Clear,3,17,46.5,0,0,1,0,Medium,Intermediate
DLV10,26.0,1,Van,Medium,Stormy,9,15,94.5,1,1,0,0,Long,Experienced
DLV11,19.0,17,Van,Medium,Rainy,0,16,104.0,1,1,1,0,Medium,Beginner
DLV12,23.0,8,Bike,Medium,Stormy,9,21,91.5,1,1,0,0,Long,Experienced
DLV13,11.0,2,Truck,Low,Stormy,9,22,47.5,0,0,0,0,Medium,Experienced
DLV14,11.0,8,Bike,Low,Clear,6,8,55.0,0,0,1,0,Medium,Experienced
DLV15,24.0,7,Van,Medium,Foggy,0,21,93.0,1,1,0,0,Long,Beginner
DLV16,21.0,2,Bike,Low,Clear,0,11,63.0,0,0,0,0,Long,Beginner
DLV17,4.0,3,Van,Medium,Stormy,4,17,73.0,1,0,1,0,Short,Intermediate
DLV18,8.0,18,Van,Low,Rainy,8,16,66.0,0,0,1,0,Medium,Experienced
DLV19,24.0,12,Truck,High,Stormy,5,20,121.5,1,1,0,0,Long,Intermediate
DLV20,3.0,1,Van,High,Rainy,2,20,49.0,0,0,0,0,Short,Intermediate
DLV21,22.0,12,Van,Medium,,2,21,84.0,1,0,0,0,Long,Intermediate
DLV22,21.0,5,Truck,Low,Clear,6,15,52.0,0,0,0,0,Long,Experienced
DLV23,2.0,17,Van,Low,Stormy,5,17,65.5,0,0,1,0,Short,Intermediate
DLV24,24.0,16,Truck,High,Foggy,8,18,118.0,1,1,1,0,Long,Experienced
DLV25,12.0,15,Truck,High,Stormy,5,9,91.5,1,1,1,0,Medium,Intermediate
DLV26,30.0,15,Van,Low,Stormy,4,12,113.0,1,1,0,0,Long,Intermediate
DLV27,6.0,5,Van,Low,Foggy,9,7,45.5,0,0,1,0,Medium,Experienced
DLV28,2.0,14,Bike,Low,Clear,6,20,19.0,0,0,0,0,Short,Experienced
DLV29,28.0,2,Truck,Low,Stormy,0,13,93.0,1,1,0,0,Long,Beginner
DLV30,21.0,11,Bike,Low,Stormy,6,12,79.0,1,0,0,0,Long,Experienced
DLV31,1.0,19,Van,Low,Rainy,2,20,45.0,0,0,0,0,Short,Intermediate
DLV32,12.0,7,Bike,Medium,Stormy,8,19,66.0,0,0,0,0,Medium,Experienced
DLV33,26.0,6,Truck,Low,Foggy,5,13,85.5,1,0,0,0,Long,Intermediate
DLV34,22.0,2,Bike,High,Rainy,8,17,94.0,1,1,1,0,Long,Experienced
DLV35,29.0,6,Truck,Medium,Clear,4,18,99.0,1,1,1,0,Long,Intermediate
DLV36,12.0,18,Van,Low,Rainy,6,16,77.0,1,0,1,0,Medium,Experienced
DLV37,25.0,2,Van,High,Foggy,3,22,99.5,1,1,0,0,Long,Intermediate
DLV38,17.0,18,Truck,Medium,Foggy,6,22,85.0,1,0,0,0,Medium,Experienced
DLV39,27.0,15,Van,High,Rainy,0,9,117.0,1,1,1,0,Long,Beginner
DLV40,27.0,19,Van,Low,Clear,6,13,77.0,1,0,0,0,Long,Experienced
DLV41,10.0,2,Van,Low,Rainy,7,10,35.5,0,0,0,0,Medium,Experienced
DLV42,28.0,20,Van,Low,Clear,4,21,85.0,1,0,0,0,Long,Intermediate
DLV43,28.0,6,Truck,Low,Rainy,1,9,86.5,1,0,1,0,Long,Beginner
DLV44,16.0,1,Bike,Medium,Foggy,4,20,65.0,0,0,0,0,Medium,Intermediate
DLV45,15.0,15,Bike,Medium,Stormy,5,17,104.5,1,1,1,0,Medium,Intermediate
DLV46,30.0,10,Van,High,Stormy,1,10,133.5,1,1,0,0,Long,Beginner
DLV47,30.0,19,Bike,Low,Clear,5,21,81.5,1,0,0,0,Long,Intermediate
DLV48,15.0,17,Bike,High,Clear,5,19,74.5,1,0,0,0,Medium,Intermediate
DLV49,30.0,5,Van,Medium,Clear,0,15,93.0,1,1,0,0,Long,Beginner
DLV50,19.0,4,Van,Low,Foggy,0,12,76.0,1,0,0,0,Medium,Beginner
DLV51,,10,Bike,Low,Rainy,10,18,59.0,0,0,1,0,Long,Experienced
DLV52,23.0,17,Truck,Medium,Foggy,9,10,93.5,1,1,0,0,Long,Experienced
DLV53,20.0,10,Van,Medium,Stormy,2,8,114.0,1,1,1,0,Medium,Intermediate
DLV54,25.0,17,Truck,Medium,Clear,9,20,79.5,1,0,0,0,Long,Experienced
DLV55,3.0,20,Bike,Medium,Rainy,9,9,47.5,0,0,1,0,Short,Experienced
DLV56,5.0,5,Van,Medium,Stormy,2,20,60.0,0,0,0,0,Short,Intermediate
DLV57,19.0,2,Truck,Low,Stormy,3,19,76.5,1,0,0,0,Medium,Intermediate
DLV58,7.0,6,Van,Medium,Stormy,1,18,86.5,1,0,1,0,Medium,Beginner
DLV59,21.0,2,Bike,Low,Foggy,8,15,67.0,0,0,0,0,Long,Experienced
DLV60,9.0,13,Truck,Low,Clear,9,10,36.5,0,0,0,0,Medium,Experienced
DLV61,7.0,11,Bike,Medium,Stormy,10,11,64.0,0,0,0,0,Medium,Experienced
DLV62,18.0,11,Bike,Medium,Clear,6,9,64.0,0,0,1,0,Medium,Experienced
DLV63,4.0,16,Van,Low,Foggy,6,7,55.0,0,0,1,0,Short,Experienced
DLV64,25.0,11,Truck,Medium,Stormy,5,21,107.5,1,1,0,0,Long,Intermediate
DLV65,28.0,19,Bike,Medium,Foggy,2,10,115.0,1,1,0,0,Long,Intermediate
DLV66,14.0,15,Bike,Medium,Foggy,5,9,73.5,1,0,1,0,Medium,Intermediate
DLV67,18.0,16,Truck,High,Clear,7,18,93.5,1,1,1,0,Medium,Experienced
DLV68,26.0,11,Bike,Low,Stormy,7,7,105.5,1,1,1,0,Long,Experienced
DLV69,9.0,16,Bike,High,Foggy,10,18,87.0,1,0,1,0,Medium,Experienced
DLV70,26.0,8,Truck,Medium,Stormy,8,16,117.0,1,1,1,0,Long,Experienced
DLV71,21.0,4,Truck,High,Clear,0,9,91.0,1,1,1,0,Long,Beginner
DLV72,2.0,8,Truck,Medium,Foggy,0,20,48.0,0,0,0,0,Short,Beginner
DLV73,20.0,4,Truck,High,Clear,2,9,76.0,1,0,1,0,Medium,Intermediate
DLV74,28.0,3,Van,Medium,Stormy,2,14,110.0,1,1,0,0,Long,Intermediate
DLV75,15.0,3,Truck,High,Stormy,9,12,79.5,1,0,0,0,Medium,Experienced
DLV76,28.0,18,Van,High,Clear,7,11,105.5,1,1,0,0,Long,Experienced
DLV77,7.0,19,Van,High,Rainy,9,11,65.5,0,0,0,0,Medium,Experienced
DLV78,12.0,19,Van,Low,Foggy,0,20,77.0,1,0,0,0,Medium,Beginner
DLV79,29.0,5,Bike,High,Stormy,1,20,125.5,1,1,0,0,Long,Beginner
DLV80,8.0,18,Van,Low,Stormy,1,14,70.5,1,0,0,0,Medium,Beginner
DLV81,15.0,10,Van,Medium,Foggy,2,9,79.0,1,0,1,0,Medium,Intermediate
DLV82,3.0,6,Bike,High,Clear,5,10,40.5,0,0,0,0,Short,Intermediate
DLV83,14.0,1,Bike,Medium,Clear,0,16,73.0,1,0,1,0,Medium,Beginner
DLV84,17.0,5,Bike,Medium,Clear,1,10,65.5,0,0,0,0,Medium,Beginner
DLV85,4.0,9,Truck,High,Rainy,0,9,68.0,0,0,1,0,Short,Beginner
DLV86,18.0,12,Bike,Low,Rainy,4,17,83.0,1,0,1,0,Medium,Intermediate
DLV87,8.0,14,Bike,High,Stormy,6,7,96.0,1,1,1,0,Medium,Experienced
DLV88,4.0,2,Van,Medium,Clear,7,18,35.5,0,0,1,0,Short,Experienced
DLV89,2.0,17,Bike,Medium,Foggy,9,15,45.5,0,0,0,0,Short,Experienced
DLV90,30.0,14,Truck,High,Stormy,0,14,137.0,1,1,0,0,Long,Beginner
DLV91,6.0,13,Bike,Low,Foggy,6,15,51.0,0,0,0,0,Medium,Experienced
DLV92,22.0,9,Truck,Low,Stormy,4,12,84.0,1,0,0,0,Long,Intermediate
DLV93,10.0,15,Bike,Medium,Rainy,9,9,57.5,0,0,1,0,Medium,Experienced
DLV94,4.0,15,Bike,Medium,Stormy,0,15,75.0,1,0,0,0,Short,Beginner
DLV95,22.0,11,Bike,Low,Rainy,2,8,88.0,1,0,1,0,Long,Intermediate
DLV96,29.0,16,Bike,High,Stormy,6,7,143.0,1,1,1,0,Long,Experienced
DLV97,18.0,17,Truck,Medium,Clear,9,15,61.5,0,0,0,0,Medium,Experienced
DLV98,26.0,4,Truck,Low,Foggy,0,7,97.0,1,1,1,0,Long,Beginner
DLV99,12.0,1,Van,Medium,Clear,6,7,56.0,0,0,1,0,Medium,Experienced
DLV100,2.0,8,Truck,High,Stormy,4,22,69.0,0,0,0,0,Short,Intermediate
DLV101,10.0,17,Bike,Low,Stormy,0,21,77.0,1,0,0,0,Medium,Beginner
DLV102,30.0,3,Van,Medium,Stormy,0,21,109.0,1,1,0,0,Long,Beginner
DLV103,4.0,20,Van,High,Rainy,0,19,76.0,1,0,0,0,Short,Beginner
DLV104,14.0,15,Van,Medium,Foggy,10,12,73.0,1,0,0,0,Medium,Experienced
DLV105,16.0,15,Bike,High,Foggy,8,16,105.0,1,1,1,0,Medium,Experienced
DLV106,15.0,14,Truck,High,Stormy,10,6,93.0,1,1,0,0,Medium,Experienced
DLV107,8.0,14,Bike,Low,Stormy,2,16,79.0,1,0,1,0,Medium,Intermediate
DLV108,14.0,2,Van,High,Rainy,4,9,76.0,1,0,1,0,Medium,Intermediate
DLV109,23.0,13,Bike,Medium,Clear,10,12,70.0,0,0,0,0,Long,Experienced
DLV110,28.0,14,Bike,High,Clear,9,20,93.5,1,1,0,0,Long,Experienced
DLV111,25.0,19,Truck,High,Foggy,8,17,127.0,1,1,1,0,Long,Experienced
DLV112,30.0,7,Truck,Low,Rainy,5,22,82.5,1,0,0,0,Long,Intermediate
DLV113,8.0,3,Van,High,Stormy,8,6,77.0,1,0,0,0,Medium,Experienced
DLV114,21.0,15,Bike,High,Foggy,7,16,115.5,1,1,1,0,Long,Experienced
DLV115,16.0,14,Bike,Medium,Rainy,7,6,75.5,1,0,0,0,Medium,Experienced
DLV116,13.0,11,Truck,Low,Clear,0,20,51.0,0,0,0,0,Medium,Beginner
DLV117,18.0,15,Bike,Low,Rainy,8,15,65.0,0,0,0,0,Medium,Experienced
DLV118,15.0,13,Bike,Low,Clear,5,12,55.5,0,0,0,0,Medium,Intermediate
DLV119,21.0,18,Bike,High,Rainy,8,7,112.0,1,1,1,0,Long,Experienced
DLV120,24.0,6,Truck,Low,Foggy,2,15,86.0,1,0,0,0,Long,Intermediate
DLV121,26.0,3,Van,High,Clear,2,9,89.0,1,0,1,0,Long,Intermediate
DLV122,25.0,19,Van,High,Foggy,5,17,135.5,1,1,1,0,Long,Intermediate
DLV123,28.0,15,Bike,Medium,Foggy,8,16,113.0,1,1,1,0,Long,Experienced
DLV124,28.0,5,Van,Medium,Clear,6,13,78.0,1,0,0,0,Long,Experienced
DLV125,28.0,10,Truck,Medium,Clear,2,16,102.0,1,1,1,0,Long,Intermediate
DLV126,13.0,7,Truck,Medium,Stormy,2,16,94.0,1,1,1,0,Medium,Intermediate
DLV127,9.0,17,Van,Medium,Stormy,1,18,101.5,1,1,1,0,Medium,Beginner
DLV128,29.0,7,Van,High,Stormy,8,8,130.0,1,1,1,0,Long,Experienced
DLV129,15.0,12,Bike,High,Foggy,2,17,109.0,1,1,1,0,Medium,Intermediate
DLV130,13.0,17,Van,Low,Foggy,10,8,68.0,0,0,1,0,Medium,Experienced
DLV131,1.0,13,Bike,High,Stormy,4,15,78.0,1,0,0,0,Short,Intermediate
DLV132,25.0,20,Bike,High,Foggy,8,22,112.0,1,1,0,0,Long,Experienced
DLV133,7.0,4,Truck,Medium,Foggy,7,7,64.5,0,0,1,0,Medium,Experienced
DLV134,9.0,10,Truck,High,Clear,1,22,65.5,0,0,0,0,Medium,Beginner
DLV135,24.0,3,Truck,Medium,Clear,2,21,76.0,1,0,0,0,Long,Intermediate
DLV136,1.0,9,Truck,Low,Foggy,1,7,59.5,0,0,1,0,Short,Beginner
DLV137,12.0,13,Van,Low,Stormy,7,11,66.5,0,0,0,0,Medium,Experienced
DLV138,8.0,18,Truck,High,Rainy,5,15,78.5,1,0,0,0,Medium,Intermediate
DLV139,24.0,15,Van,Low,Stormy,5,15,99.5,1,1,0,0,Long,Intermediate
DLV140,11.0,4,Truck,High,Rainy,8,13,66.0,0,0,0,0,Medium,Experienced
DLV141,19.0,15,Van,Low,Stormy,7,6,79.5,1,0,0,0,Medium,Experienced
DLV142,17.0,2,Bike,Medium,Clear,3,18,72.5,1,0,1,0,Medium,Intermediate
DLV143,8.0,15,Van,Medium,Foggy,3,14,67.5,0,0,0,0,Medium,Intermediate
DLV144,3.0,8,Van,Medium,Foggy,8,15,46.0,0,0,0,0,Short,Experienced
DLV145,3.0,8,Truck,Medium,Clear,0,20,39.0,0,0,0,0,Short,Beginner
DLV146,1.0,17,Van,High,Rainy,1,10,68.5,0,0,0,0,Short,Beginner
DLV147,27.0,12,Bike,Low,Rainy,1,21,85.5,1,0,0,0,Long,Beginner
DLV148,5.0,19,Bike,High,Rainy,5,18,89.5,1,0,1,0,Short,Intermediate
DLV149,10.0,10,Truck,Medium,Clear,3,16,69.5,0,0,1,0,Medium,Intermediate
DLV150,7.0,9,Bike,High,Rainy,10,14,62.0,0,0,0,0,Medium,Experienced
DLV151,26.0,5,Van,Low,Clear,9,21,53.5,0,0,0,0,Long,Experienced
DLV152,9.0,6,Bike,High,Stormy,2,7,96.0,1,1,1,0,Medium,Intermediate
DLV153,28.0,20,Truck,Low,Stormy,2,7,125.0,1,1,1,0,Long,Intermediate
DLV154,7.0,2,Van,High,Clear,2,17,65.0,0,0,1,0,Medium,Intermediate
DLV155,9.0,13,Truck,Low,Foggy,5,13,48.5,0,0,0,0,Medium,Intermediate
DLV156,8.0,6,Van,Low,Stormy,7,14,52.5,0,0,0,0,Medium,Experienced
DLV157,12.0,5,Bike,Medium,Rainy,10,17,62.0,0,0,1,0,Medium,Experienced
DLV158,2.0,1,Truck,Low,Clear,6,14,15.0,0,0,0,0,Short,Experienced
DLV159,1.0,6,Truck,Medium,Rainy,3,15,34.5,0,0,0,0,Short,Intermediate
DLV160,16.0,6,Van,Medium,Rainy,10,7,77.0,1,0,1,0,Medium,Experienced
DLV161,23.0,16,Truck,Medium,Foggy,3,21,96.5,1,1,0,0,Long,Intermediate
DLV162,23.0,4,Van,High,Rainy,10,12,85.0,1,0,0,0,Long,Experienced
DLV163,30.0,11,Van,High,Foggy,9,7,130.5,1,1,1,0,Long,Experienced
DLV164,24.0,9,Van,High,Stormy,10,6,105.0,1,1,0,0,Long,Experienced
DLV165,5.0,3,Van,High,Clear,10,9,34.0,0,0,1,0,Short,Experienced
DLV166,3.0,19,Bike,Low,Rainy,10,7,49.0,0,0,1,0,Short,Experienced
DLV167,12.0,8,Van,Low,Clear,1,19,42.5,0,0,0,0,Medium,Beginner
DLV168,8.0,5,Truck,High,Rainy,0,7,82.0,1,0,1,0,Medium,Beginner
DLV169,22.0,4,Bike,Low,Clear,8,20,46.0,0,0,0,0,Long,Experienced
DLV170,27.0,6,Truck,Low,Rainy,1,17,102.5,1,1,1,0,Long,Beginner
DLV171,3.0,2,Bike,Medium,Rainy,7,10,28.5,0,0,0,0,Short,Experienced
DLV172,1.0,20,Van,Medium,Rainy,8,12,45.0,0,0,0,0,Short,Experienced
DLV173,3.0,11,Bike,Medium,Rainy,3,15,49.5,0,0,0,0,Short,Intermediate
DLV174,5.0,4,Bike,Medium,Rainy,7,19,35.5,0,0,0,0,Short,Experienced
DLV175,15.0,15,Truck,Low,Rainy,8,19,63.0,0,0,0,0,Medium,Experienced
DLV176,14.0,6,Truck,High,Rainy,9,10,73.5,1,0,0,0,Medium,Experienced
DLV177,3.0,17,Van,Low,Rainy,9,19,37.5,0,0,0,0,Short,Experienced
DLV178,1.0,6,Bike,Low,Rainy,4,7,38.0,0,0,1,0,Short,Intermediate
DLV179,5.0,19,Bike,Low,Clear,6,17,52.0,0,0,1,0,Short,Experienced
DLV180,26.0,2,Bike,Medium,Foggy,9,11,84.5,1,0,0,0,Long,Experienced
DLV181,23.0,15,Van,Medium,Rainy,3,9,96.5,1,1,1,0,Long,Intermediate
DLV182,14.0,11,Van,Medium,Foggy,0,18,93.0,1,1,1,0,Medium,Beginner
DLV183,7.0,8,Van,High,Rainy,2,9,67.0,0,0,1,0,Medium,Intermediate
DLV184,27.0,19,Van,Low,Rainy,4,19,96.0,1,1,0,0,Long,Intermediate
DLV185,9.0,13,Van,High,Clear,2,21,67.0,0,0,0,0,Medium,Intermediate
DLV186,15.0,12,Truck,Medium,Stormy,10,9,75.0,1,0,1,0,Medium,Experienced
DLV187,15.0,5,Bike,High,Stormy,6,6,93.0,1,1,0,0,Medium,Experienced
DLV188,26.0,6,Bike,Low,Clear,8,18,74.0,1,0,1,0,Long,Experienced
DLV189,10.0,4,Bike,Low,Foggy,5,9,50.5,0,0,1,0,Medium,Intermediate
DLV190,28.0,19,Bike,Medium,Stormy,9,11,111.5,1,1,0,0,Long,Experienced
DLV191,13.0,20,Bike,Medium,Clear,0,8,82.0,1,0,1,0,Medium,Beginner
DLV192,19.0,1,Bike,High,Clear,6,18,84.0,1,0,1,0,Medium,Experienced
DLV193,7.0,20,Bike,Medium,Stormy,2,21,81.0,1,0,0,0,Medium,Intermediate
DLV194,17.0,17,Bike,Medium,Foggy,4,10,84.0,1,0,0,0,Medium,Intermediate
DLV195,20.0,12,Truck,Low,Clear,9,9,49.5,0,0,1,0,Medium,Experienced
DLV196,29.0,15,Bike,Medium,Rainy,3,13,104.5,1,1,0,0,Long,Intermediate
DLV197,4.0,1,Truck,Medium,Foggy,9,19,33.5,0,0,0,0,Short,Experienced
DLV198,30.0,14,Van,Low,Foggy,4,12,100.0,1,1,0,0,Long,Intermediate
DLV199,5.0,6,Bike,Low,Stormy,4,19,51.0,0,0,0,0,Short,Intermediate
DLV200,23.0,5,Van,High,Stormy,5,11,109.5,1,1,0,0,Long,Intermediate
DLV201,7.0,11,Van,Medium,Rainy,9,17,64.5,0,0,1,0,Medium,Experienced
DLV202,13.0,4,Van,Low,Clear,9,21,26.5,0,0,0,0,Medium,Experienced
DLV203,15.0,13,Truck,High,Stormy,10,22,97.0,1,1,0,0,Medium,Experienced
DLV204,11.0,11,Van,High,Stormy,5,18,105.5,1,1,1,0,Medium,Intermediate
DLV205,29.0,3,Van,Medium,Foggy,7,19,90.5,1,1,0,0,Long,Experienced
DLV206,4.0,1,Van,Medium,Stormy,7,12,48.5,0,0,0,0,Short,Experienced
DLV207,13.0,6,Bike,High,Stormy,10,19,82.0,1,0,0,0,Medium,Experienced
DLV208,7.0,18,Bike,Low,Stormy,8,20,64.0,0,0,0,0,Medium,Experienced
DLV209,27.0,10,Truck,High,Stormy,7,17,134.5,1,1,1,0,Long,Experienced
DLV210,19.0,5,Truck,Medium,Foggy,10,22,72.0,1,0,0,0,Medium,Experienced
DLV211,22.0,10,Bike,Low,Rainy,1,14,77.5,1,0,0,0,Long,Beginner
DLV212,28.0,12,Truck,Low,Rainy,9,20,74.5,1,0,0,0,Long,Experienced
DLV213,2.0,2,Bike,High,Clear,10,17,43.0,0,0,1,0,Short,Experienced
DLV214,10.0,13,Van,Medium,Stormy,0,7,94.0,1,1,1,0,Medium,Beginner
DLV215,13.0,8,Van,High,Foggy,9,10,75.5,1,0,0,0,Medium,Experienced
DLV216,30.0,2,Truck,High,Clear,1,18,117.5,1,1,1,0,Long,Beginner
DLV217,25.0,20,Bike,High,Clear,1,13,105.5,1,1,0,0,Long,Beginner
DLV218,21.0,1,Bike,Low,Rainy,2,19,69.0,0,0,0,0,Long,Intermediate
DLV219,6.0,5,Truck,Low,Foggy,9,20,35.5,0,0,0,0,Medium,Experienced
DLV220,28.0,9,Bike,Medium,Foggy,6,16,113.0,1,1,1,0,Long,Experienced
DLV221,28.0,17,Van,Medium,Foggy,1,6,110.5,1,1,0,0,Long,Beginner
DLV222,12.0,9,Truck,High,Rainy,0,8,100.0,1,1,1,0,Medium,Beginner
DLV223,12.0,11,Truck,High,Rainy,5,22,77.5,1,0,0,0,Medium,Intermediate
DLV224,20.0,15,Bike,High,Rainy,8,19,92.0,1,1,0,0,Medium,Experienced
DLV225,30.0,6,Truck,Medium,Rainy,2,13,101.0,1,1,0,0,Long,Intermediate
DLV226,30.0,3,Bike,Low,Rainy,5,18,96.5,1,1,1,0,Long,Intermediate
DLV227,11.0,17,Bike,Low,Stormy,2,8,93.0,1,1,1,0,Medium,Intermediate
DLV228,26.0,5,Bike,High,Stormy,0,10,117.0,1,1,0,0,Long,Beginner
DLV229,23.0,12,Bike,High,Foggy,4,14,112.0,1,1,0,0,Long,Intermediate
DLV230,28.0,18,Bike,High,Clear,9,11,96.5,1,1,0,0,Long,Experienced
DLV231,25.0,14,Truck,High,Foggy,10,7,121.0,1,1,1,0,Long,Experienced
DLV232,7.0,11,Van,Medium,Clear,3,18,63.5,0,0,1,0,Medium,Intermediate
DLV233,30.0,9,Van,Low,Rainy,6,10,83.0,1,0,0,0,Long,Experienced
DLV234,1.0,2,Truck,High,Clear,5,13,40.5,0,0,0,0,Short,Intermediate
DLV235,1.0,12,Truck,Medium,Foggy,9,6,45.5,0,0,0,0,Short,Experienced
DLV236,25.0,3,Van,High,Foggy,6,17,118.0,1,1,1,0,Long,Experienced
DLV237,27.0,3,Van,High,Clear,4,16,109.0,1,1,1,0,Long,Intermediate
DLV238,30.0,1,Van,Low,Stormy,3,12,94.5,1,1,0,0,Long,Intermediate
DLV239,25.0,8,Van,High,Rainy,6,20,103.0,1,1,0,0,Long,Experienced
DLV240,20.0,8,Van,Low,Rainy,6,16,83.0,1,0,1,0,Medium,Experienced
DLV241,13.0,11,Bike,Low,Foggy,5,21,63.5,0,0,0,0,Medium,Intermediate
DLV242,9.0,9,Truck,Low,Stormy,7,8,74.5,1,0,1,0,Medium,Experienced
DLV243,3.0,5,Bike,Medium,Clear,3,19,36.5,0,0,0,0,Short,Intermediate
DLV244,7.0,14,Van,Medium,Rainy,9,8,65.5,0,0,1,0,Medium,Experienced
DLV245,6.0,3,Van,Low,Stormy,4,6,45.0,0,0,0,0,Medium,Intermediate
DLV246,8.0,5,Van,High,Rainy,3,20,69.5,0,0,0,0,Medium,Intermediate
DLV247,27.0,5,Bike,Low,Stormy,0,6,97.0,1,1,0,0,Long,Beginner
DLV248,9.0,19,Bike,High,Stormy,7,22,93.5,1,1,0,0,Medium,Experienced
DLV249,30.0,14,Van,Low,Foggy,0,7,120.0,1,1,1,0,Long,Beginner
DLV250,5.0,4,Bike,High,Rainy,4,11,59.0,0,0,0,0,Short,Intermediate
DLV251,1.0,13,Bike,Medium,Clear,5,13,34.5,0,0,0,0,Short,Intermediate
DLV252,19.0,10,Van,High,Foggy,5,21,90.5,1,1,0,0,Medium,Intermediate
DLV253,10.0,18,Bike,Low,Foggy,4,6,61.0,0,0,0,0,Medium,Intermediate
DLV254,12.0,8,Truck,Medium,Clear,2,8,65.0,0,0,1,0,Medium,Intermediate
DLV255,24.0,8,Truck,High,Foggy,4,8,116.0,1,1,1,0,Long,Intermediate
DLV256,15.0,7,Truck,High,Stormy,7,10,86.5,1,0,0,0,Medium,Experienced
DLV257,27.0,8,Truck,High,Stormy,1,17,139.5,1,1,1,0,Long,Beginner
DLV258,22.0,14,Van,High,Rainy,5,17,111.5,1,1,1,0,Long,Intermediate
DLV259,24.0,19,Van,High,Rainy,8,18,118.0,1,1,1,0,Long,Experienced
DLV260,9.0,6,Van,Medium,Clear,7,14,35.5,0,0,0,0,Medium,Experienced
DLV261,20.0,1,Truck,Medium,Rainy,10,12,58.0,0,0,0,0,Medium,Experienced
DLV262,17.0,15,Truck,Medium,Stormy,7,9,84.5,1,0,1,0,Medium,Experienced
DLV263,30.0,1,Bike,Medium,Clear,7,11,75.5,1,0,0,0,Long,Experienced
DLV264,17.0,17,Bike,Low,Clear,6,18,68.0,0,0,1,0,Medium,Experienced
DLV265,26.0,1,Truck,Medium,Rainy,7,16,94.5,1,1,1,0,Long,Experienced
DLV266,20.0,15,Truck,High,Stormy,5,18,129.5,1,1,1,0,Medium,Intermediate
DLV267,12.0,2,Truck,High,Clear,1,18,78.5,1,0,1,0,Medium,Beginner
DLV268,30.0,14,Truck,Medium,Stormy,1,20,126.5,1,1,0,0,Long,Beginner
DLV269,7.0,8,Bike,High,Stormy,7,18,92.5,1,1,1,0,Medium,Experienced
DLV270,2.0,8,Truck,Medium,Stormy,10,16,60.0,0,0,1,0,Short,Experienced
DLV271,3.0,19,Bike,High,Rainy,0,13,70.0,0,0,0,0,Short,Beginner
DLV272,17.0,7,Truck,Low,Foggy,5,13,68.5,0,0,0,0,Medium,Intermediate
DLV273,5.0,19,Truck,Low,Foggy,5,15,47.5,0,0,0,0,Short,Intermediate
DLV274,17.0,6,Truck,Medium,Clear,10,21,54.0,0,0,0,0,Medium,Experienced
DLV275,24.0,6,Bike,Medium,Stormy,3,16,118.5,1,1,1,0,Long,Intermediate
DLV276,17.0,3,Bike,Medium,Rainy,10,18,70.0,0,0,1,0,Medium,Experienced
DLV277,27.0,7,Van,High,Stormy,10,14,106.0,1,1,0,0,Long,Experienced
DLV278,17.0,19,Truck,Medium,Stormy,9,21,91.5,1,1,0,0,Medium,Experienced
DLV279,2.0,8,Van,Low,Rainy,2,12,37.0,0,0,0,0,Short,Intermediate
DLV280,2.0,10,Van,High,Foggy,10,17,67.0,0,0,1,0,Short,Experienced
DLV281,28.0,20,Bike,Medium,Stormy,2,20,127.0,1,1,0,0,Long,Intermediate
DLV282,22.0,15,Bike,High,Stormy,0,19,121.0,1,1,0,0,Long,Beginner
DLV283,23.0,15,Van,High,Foggy,2,16,124.0,1,1,1,0,Long,Intermediate
DLV284,5.0,1,Truck,Medium,Rainy,3,15,40.5,0,0,0,0,Short,Intermediate
DLV285,1.0,20,Bike,High,Clear,10,16,59.0,0,0,1,0,Short,Experienced
DLV286,1.0,7,Truck,Low,Foggy,10,11,28.0,0,0,0,0,Short,Experienced
DLV287,19.0,4,Truck,Low,Clear,4,7,67.0,0,0,1,0,Medium,Intermediate
DLV288,30.0,6,Van,High,Clear,2,16,123.0,1,1,1,0,Long,Intermediate
DLV289,2.0,1,Van,Medium,Foggy,5,11,37.5,0,0,0,0,Short,Intermediate
DLV290,21.0,5,Van,High,Stormy,10,19,92.0,1,1,0,0,Long,Experienced
DLV291,12.0,1,Van,Low,Clear,4,11,36.0,0,0,0,0,Medium,Intermediate
DLV292,26.0,4,Bike,High,Clear,2,22,89.0,1,0,0,0,Long,Intermediate
DLV293,6.0,2,Bike,High,Rainy,5,15,55.5,0,0,0,0,Medium,Intermediate
DLV294,23.0,10,Van,Low,Stormy,5,6,91.5,1,1,0,0,Long,Intermediate
DLV295,4.0,5,Bike,High,Clear,7,8,59.5,0,0,1,0,Short,Experienced
DLV296,23.0,10,Van,High,Rainy,1,13,100.5,1,1,0,0,Long,Beginner
DLV297,11.0,1,Truck,Medium,Stormy,0,13,76.0,1,0,0,0,Medium,Beginner
DLV298,24.0,6,Truck,Medium,Foggy,3,20,88.5,1,0,0,0,Long,Intermediate
DLV299,27.0,13,Truck,Low,Foggy,6,12,92.0,1,1,0,0,Long,Experienced
DLV300,17.0,15,Van,Low,Rainy,10,16,74.0,1,0,1,0,Medium,Experienced
DLV301,6.0,4,Truck,Low,Foggy,9,12,29.5,0,0,0,0,Medium,Experienced
DLV302,24.0,13,Bike,Medium,Clear,2,9,80.0,1,0,1,0,Long,Intermediate
DLV303,5.0,20,Truck,Low,Stormy,2,17,86.0,1,0,1,0,Short,Intermediate
DLV304,20.0,15,Truck,Low,Clear,4,11,66.0,0,0,0,0,Medium,Intermediate
DLV305,2.0,8,Truck,Low,Clear,4,19,26.0,0,0,0,0,Short,Intermediate
DLV306,6.0,5,Bike,Medium,Foggy,9,17,62.5,0,0,1,0,Medium,Experienced
DLV307,22.0,15,Van,High,Clear,2,16,115.0,1,1,1,0,Long,Intermediate
DLV308,11.0,4,Bike,Low,Foggy,8,10,40.0,0,0,0,0,Medium,Experienced
DLV309,16.0,12,Van,High,Stormy,3,19,109.5,1,1,0,0,Medium,Intermediate
DLV310,16.0,13,Van,Low,Stormy,2,21,78.0,1,0,0,0,Medium,Intermediate
DLV311,1.0,2,Truck,High,Clear,10,18,43.0,0,0,1,0,Short,Experienced
DLV312,9.0,19,Van,Medium,Rainy,1,9,70.5,1,0,1,0,Medium,Beginner
DLV313,28.0,19,Bike,Medium,Foggy,9,16,112.5,1,1,1,0,Long,Experienced
DLV314,27.0,4,Bike,Low,Foggy,10,22,72.0,1,0,0,0,Long,Experienced
DLV315,6.0,4,Van,High,Clear,8,12,45.0,0,0,0,0,Medium,Experienced
DLV316,16.0,11,Truck,Medium,Foggy,3,19,82.5,1,0,0,0,Medium,Intermediate
DLV317,29.0,5,Truck,Low,Foggy,2,16,109.0,1,1,1,0,Long,Intermediate
DLV318,3.0,20,Bike,Low,Rainy,6,14,44.0,0,0,0,0,Short,Experienced
DLV319,20.0,11,Truck,Medium,Rainy,7,18,91.5,1,1,1,0,Medium,Experienced
DLV320,28.0,10,Van,Medium,Clear,10,16,93.0,1,1,1,0,Long,Experienced
DLV321,27.0,8,Van,Low,Rainy,1,20,88.5,1,0,0,0,Long,Beginner
DLV322,4.0,6,Bike,High,Clear,6,6,44.0,0,0,0,0,Short,Experienced
DLV323,19.0,6,Van,High,Stormy,4,9,102.0,1,1,1,0,Medium,Intermediate
DLV324,26.0,8,Bike,High,Clear,10,19,90.0,1,0,0,0,Long,Experienced
DLV325,3.0,15,Van,Low,Stormy,4,19,59.0,0,0,0,0,Short,Intermediate
DLV326,19.0,14,Bike,Medium,Clear,2,8,87.0,1,0,1,0,Medium,Intermediate
DLV327,20.0,11,Truck,Low,Foggy,4,22,78.0,1,0,0,0,Medium,Intermediate
DLV328,7.0,12,Van,Medium,Rainy,1,8,73.5,1,0,1,0,Medium,Beginner
DLV329,20.0,13,Van,High,Stormy,3,21,109.5,1,1,0,0,Medium,Intermediate
DLV330,9.0,8,Bike,High,Clear,5,19,62.5,0,0,0,0,Medium,Intermediate
DLV331,1.0,18,Bike,Medium,Rainy,0,18,72.0,1,0,1,0,Short,Beginner
DLV332,8.0,1,Van,Medium,Clear,9,20,29.5,0,0,0,0,Medium,Experienced
DLV333,7.0,15,Bike,Low,Rainy,3,19,51.5,0,0,0,0,Medium,Intermediate
DLV334,18.0,8,Van,High,Rainy,5,11,83.5,1,0,0,0,Medium,Intermediate
DLV335,8.0,11,Truck,Low,Clear,8,15,28.0,0,0,0,0,Medium,Experienced
DLV336,1.0,12,Bike,Low,Stormy,10,20,38.0,0,0,0,0,Short,Experienced
DLV337,11.0,12,Van,Low,Stormy,10,11,59.0,0,0,0,0,Medium,Experienced
DLV338,28.0,4,Truck,High,Foggy,1,15,108.5,1,1,0,0,Long,Beginner
DLV339,25.0,16,Truck,Low,Rainy,10,12,74.0,1,0,0,0,Long,Experienced
DLV340,25.0,4,Van,Low,Foggy,6,22,80.0,1,0,0,0,Long,Experienced
DLV341,18.0,5,Bike,Low,Foggy,5,22,67.5,0,0,0,0,Medium,Intermediate
DLV342,23.0,5,Van,Low,Clear,1,14,63.5,0,0,0,0,Long,Beginner
DLV343,30.0,8,Truck,Low,Clear,7,15,73.5,1,0,0,0,Long,Experienced
DLV344,10.0,10,Van,Low,Clear,6,15,35.0,0,0,0,0,Medium,Experienced
DLV345,3.0,17,Bike,High,Rainy,10,12,53.0,0,0,0,0,Short,Experienced
DLV346,7.0,9,Truck,Low,Clear,4,21,37.0,0,0,0,0,Medium,Intermediate
DLV347,28.0,19,Van,Medium,Clear,4,11,95.0,1,1,0,0,Long,Intermediate
DLV348,16.0,14,Bike,Low,Rainy,6,6,64.0,0,0,0,0,Medium,Experienced
DLV349,26.0,8,Truck,Low,Rainy,8,6,74.0,1,0,0,0,Long,Experienced
DLV350,16.0,9,Bike,High,Stormy,10,17,111.0,1,1,1,0,Medium,Experienced
DLV351,25.0,11,Truck,High,Clear,8,7,102.0,1,1,1,0,Long,Experienced
DLV352,20.0,1,Van,Medium,Clear,8,9,56.0,0,0,1,0,Medium,Experienced
DLV353,28.0,14,Bike,Medium,Clear,5,22,86.5,1,0,0,0,Long,Intermediate
DLV354,17.0,5,Truck,High,Stormy,9,9,94.5,1,1,1,0,Medium,Experienced
DLV355,2.0,14,Bike,High,Clear,5,16,68.5,0,0,1,0,Short,Intermediate
DLV356,1.0,4,Bike,Low,Stormy,2,9,47.0,0,0,1,0,Short,Intermediate
DLV357,16.0,1,Van,High,Foggy,0,6,87.0,1,0,0,0,Medium,Beginner
DLV358,30.0,19,Bike,Medium,Stormy,6,12,115.0,1,1,0,0,Long,Experienced
DLV359,12.0,8,Truck,Low,Foggy,3,14,60.5,0,0,0,0,Medium,Intermediate
DLV360,5.0,15,Truck,Medium,Clear,0,8,64.0,0,0,1,0,Short,Beginner
DLV361,5.0,15,Truck,Low,Foggy,7,13,44.5,0,0,0,0,Short,Experienced
DLV362,27.0,9,Truck,High,Stormy,5,9,118.5,1,1,1,0,Long,Intermediate
DLV363,23.0,9,Van,Medium,Rainy,5,16,97.5,1,1,1,0,Long,Intermediate
DLV364,9.0,10,Bike,Low,Foggy,1,19,58.5,0,0,0,0,Medium,Beginner
DLV365,9.0,20,Van,Low,Foggy,0,21,65.0,0,0,0,0,Medium,Beginner
DLV366,3.0,9,Bike,High,Clear,1,8,67.5,0,0,1,0,Short,Beginner
DLV367,19.0,3,Bike,High,Stormy,3,20,97.5,1,1,0,0,Medium,Intermediate
DLV368,16.0,20,Bike,High,Foggy,1,9,101.5,1,1,1,0,Medium,Beginner
DLV369,16.0,11,Van,Medium,Foggy,0,10,84.0,1,0,0,0,Medium,Beginner
DLV370,3.0,6,Bike,Low,Foggy,6,22,37.0,0,0,0,0,Short,Experienced
DLV371,20.0,2,Van,High,Foggy,10,12,86.0,1,0,0,0,Medium,Experienced
DLV372,24.0,7,Truck,Medium,Rainy,10,21,80.0,1,0,0,0,Long,Experienced
DLV373,22.0,18,Truck,Medium,Stormy,7,19,105.5,1,1,0,0,Long,Experienced
DLV374,24.0,2,Bike,Medium,Clear,5,21,67.5,0,0,0,0,Long,Intermediate
DLV375,1.0,17,Van,High,Clear,3,12,52.5,0,0,0,0,Short,Intermediate
DLV376,24.0,11,Truck,High,Rainy,5,14,100.5,1,1,0,0,Long,Intermediate
DLV377,20.0,12,Van,Low,Stormy,2,9,84.0,1,0,1,0,Medium,Intermediate
DLV378,11.0,19,Van,Low,Foggy,7,16,76.5,1,0,1,0,Medium,Experienced
DLV379,17.0,7,Bike,High,Rainy,9,7,94.5,1,1,1,0,Medium,Experienced
DLV380,8.0,20,Truck,Medium,Stormy,1,17,102.5,1,1,1,0,Medium,Beginner
DLV381,4.0,6,Bike,Medium,Foggy,4,17,65.0,0,0,1,0,Short,Intermediate
DLV382,6.0,1,Bike,Medium,Rainy,0,9,47.0,0,0,1,0,Medium,Beginner
DLV383,8.0,17,Truck,Low,Stormy,5,12,62.5,0,0,0,0,Medium,Intermediate
DLV384,20.0,11,Truck,Medium,Clear,1,6,78.5,1,0,0,0,Medium,Beginner
DLV385,30.0,18,Van,Low,Clear,3,18,108.5,1,1,1,0,Long,Intermediate
DLV386,3.0,17,Truck,Low,Stormy,5,11,58.5,0,0,0,0,Short,Intermediate
DLV387,16.0,7,Van,Medium,Clear,9,11,50.5,0,0,0,0,Medium,Experienced
DLV388,30.0,17,Van,Medium,Stormy,10,17,126.0,1,1,1,0,Long,Experienced
DLV389,25.0,20,Van,High,Foggy,7,13,111.5,1,1,0,0,Long,Experienced
DLV390,3.0,9,Truck,High,Stormy,7,10,69.5,0,0,0,0,Short,Experienced
DLV391,25.0,17,Bike,Medium,Foggy,10,10,89.0,1,0,0,0,Long,Experienced
DLV392,29.0,20,Van,Low,Rainy,5,15,99.5,1,1,0,0,Long,Intermediate
DLV393,18.0,8,Bike,Low,Stormy,3,6,79.5,1,0,0,0,Medium,Intermediate
DLV394,14.0,17,Bike,Low,Rainy,7,15,57.5,0,0,0,0,Medium,Experienced
DLV395,18.0,7,Truck,Low,Clear,7,10,43.5,0,0,0,0,Medium,Experienced
DLV396,2.0,1,Bike,Low,Foggy,9,17,38.5,0,0,1,0,Short,Experienced
DLV397,22.0,13,Bike,High,Stormy,0,12,120.0,1,1,0,0,Long,Beginner
DLV398,3.0,19,Truck,Medium,Rainy,3,14,58.5,0,0,0,0,Short,Intermediate
DLV399,16.0,19,Van,High,Foggy,3,17,117.5,1,1,1,0,Medium,Intermediate
DLV400,29.0,17,Bike,Low,Foggy,6,6,92.0,1,1,0,0,Long,Experienced
DLV401,9.0,13,Truck,Low,Clear,10,16,44.0,0,0,1,0,Medium,Experienced
DLV402,4.0,16,Bike,Low,Clear,6,20,29.0,0,0,0,0,Short,Experienced
DLV403,1.0,8,Bike,Low,Foggy,10,7,37.0,0,0,1,0,Short,Experienced
DLV404,4.0,19,Van,Medium,Foggy,7,12,59.5,0,0,0,0,Short,Experienced
DLV405,1.0,18,Bike,Low,Stormy,10,17,59.0,0,0,1,0,Short,Experienced
DLV406,14.0,1,Truck,Medium,Foggy,4,8,74.0,1,0,1,0,Medium,Intermediate
DLV407,21.0,14,Bike,Low,Stormy,6,12,92.0,1,1,0,0,Long,Experienced
DLV408,16.0,19,Van,Medium,Foggy,7,16,92.5,1,1,1,0,Medium,Experienced
DLV409,20.0,15,Van,High,Clear,8,17,101.0,1,1,1,0,Medium,Experienced
DLV410,24.0,18,Truck,Low,Stormy,2,11,104.0,1,1,0,0,Long,Intermediate
DLV411,8.0,2,Van,Medium,Rainy,2,10,46.0,0,0,0,0,Medium,Intermediate
DLV412,7.0,17,Bike,High,Clear,3,6,69.5,0,0,0,0,Medium,Intermediate
DLV413,3.0,18,Van,Low,Stormy,4,17,71.0,1,0,1,0,Short,Intermediate
DLV414,17.0,6,Truck,Low,Stormy,9,16,84.5,1,0,1,0,Medium,Experienced
DLV415,1.0,19,Van,Low,Rainy,0,9,42.0,0,0,1,0,Short,Beginner
DLV416,16.0,4,Van,Medium,Stormy,6,9,81.0,1,0,1,0,Medium,Experienced
DLV417,12.0,1,Van,Medium,Foggy,8,22,51.0,0,0,0,0,Medium,Experienced
DLV418,27.0,8,Truck,High,Rainy,7,7,115.5,1,1,1,0,Long,Experienced
DLV419,19.0,7,Van,Medium,Clear,4,7,75.0,1,0,1,0,Medium,Intermediate
DLV420,22.0,3,Van,Medium,Clear,3,17,86.5,1,0,1,0,Long,Intermediate
DLV421,23.0,10,Bike,Low,Foggy,6,11,72.0,1,0,0,0,Long,Experienced
DLV422,22.0,10,Truck,Low,Clear,4,15,64.0,0,0,0,0,Long,Intermediate
DLV423,14.0,19,Van,Low,Stormy,6,21,82.0,1,0,0,0,Medium,Experienced
DLV424,30.0,14,Truck,Low,Stormy,0,19,109.0,1,1,0,0,Long,Beginner
DLV425,6.0,2,Van,Low,Foggy,0,12,49.0,0,0,0,0,Medium,Beginner
DLV426,6.0,1,Van,Low,Clear,9,22,19.5,0,0,0,0,Medium,Experienced
DLV427,13.0,18,Van,Low,Clear,2,14,58.0,0,0,0,0,Medium,Intermediate
DLV428,19.0,7,Bike,High,Foggy,10,18,97.0,1,1,1,0,Medium,Experienced
DLV429,22.0,8,Bike,High,Rainy,1,10,104.5,1,1,0,0,Long,Beginner
DLV430,8.0,1,Bike,High,Clear,1,10,55.5,0,0,0,0,Medium,Beginner
DLV431,27.0,3,Truck,High,Rainy,6,15,99.0,1,1,0,0,Long,Experienced
DLV432,27.0,8,Truck,Low,Clear,9,15,67.5,0,0,0,0,Long,Experienced
DLV433,2.0,15,Bike,High,Clear,1,12,52.5,0,0,0,0,Short,Beginner
DLV434,21.0,5,Truck,Low,Clear,10,20,47.0,0,0,0,0,Long,Experienced
DLV435,30.0,3,Van,High,Clear,3,12,99.5,1,1,0,0,Long,Intermediate
DLV436,1.0,19,Van,Medium,Stormy,1,20,69.5,0,0,0,0,Short,Beginner
DLV437,28.0,1,Van,High,Rainy,5,8,112.5,1,1,1,0,Long,Intermediate
DLV438,15.0,15,Bike,High,Rainy,7,15,79.5,1,0,0,0,Medium,Experienced
DLV439,1.0,8,Truck,Low,Clear,9,20,16.5,0,0,0,0,Short,Experienced
DLV440,5.0,2,Bike,High,Clear,3,8,65.5,0,0,1,0,Short,Intermediate
DLV441,28.0,3,Truck,Medium,Rainy,4,11,86.0,1,0,0,0,Long,Intermediate
DLV442,29.0,14,Van,Low,Stormy,3,17,123.5,1,1,1,0,Long,Intermediate
DLV443,16.0,14,Bike,Low,Foggy,2,20,74.0,1,0,0,0,Medium,Intermediate
DLV444,19.0,11,Truck,High,Foggy,4,11,94.0,1,1,0,0,Medium,Intermediate
DLV445,4.0,16,Truck,Low,Rainy,8,18,47.0,0,0,1,0,Short,Experienced
DLV446,3.0,4,Van,Low,Clear,7,8,31.5,0,0,1,0,Short,Experienced
DLV447,17.0,20,Bike,Low,Clear,7,13,60.5,0,0,0,0,Medium,Experienced
DLV448,17.0,5,Bike,Low,Stormy,7,13,69.5,0,0,0,0,Medium,Experienced
DLV449,12.0,14,Bike,Low,Foggy,7,20,59.5,0,0,0,0,Medium,Experienced
DLV450,28.0,16,Van,Low,Stormy,6,9,100.0,1,1,1,0,Long,Experienced
DLV451,30.0,18,Bike,Medium,Foggy,7,8,127.5,1,1,1,0,Long,Experienced
DLV452,29.0,7,Van,High,Rainy,10,18,111.0,1,1,1,0,Long,Experienced
DLV453,14.0,10,Van,Medium,Foggy,7,13,68.5,0,0,0,0,Medium,Experienced
DLV454,21.0,7,Van,Low,Stormy,7,21,80.5,1,0,0,0,Long,Experienced
DLV455,6.0,1,Truck,Low,Stormy,9,18,49.5,0,0,1,0,Medium,Experienced
DLV456,3.0,19,Bike,High,Stormy,6,8,100.0,1,1,1,0,Short,Experienced
DLV457,28.0,16,Bike,Medium,Rainy,0,21,110.0,1,1,0,0,Long,Beginner
DLV458,9.0,19,Van,High,Foggy,3,14,92.5,1,1,0,0,Medium,Intermediate
DLV459,5.0,4,Van,Medium,Foggy,3,19,47.5,0,0,0,0,Short,Intermediate
DLV460,24.0,18,Bike,Low,Stormy,4,18,113.0,1,1,1,0,Long,Intermediate
DLV461,29.0,2,Van,High,Foggy,9,12,98.5,1,1,0,0,Long,Experienced
DLV462,17.0,1,Bike,High,Clear,5,20,67.5,0,0,0,0,Medium,Intermediate
DLV463,14.0,15,Truck,Low,Clear,3,12,48.5,0,0,0,0,Medium,Intermediate
DLV464,21.0,5,Van,High,Clear,1,11,85.5,1,0,0,0,Long,Beginner
DLV465,3.0,20,Bike,Medium,Foggy,5,7,69.5,0,0,1,0,Short,Intermediate
DLV466,28.0,11,Van,Medium,Rainy,7,14,94.5,1,1,0,0,Long,Experienced
DLV467,1.0,10,Bike,Medium,Rainy,7,22,32.5,0,0,0,0,Short,Experienced
DLV468,20.0,2,Bike,Medium,Rainy,6,10,69.0,0,0,0,0,Medium,Experienced
DLV469,29.0,3,Van,Low,Rainy,5,17,88.5,1,0,1,0,Long,Intermediate
DLV470,21.0,12,Truck,High,Clear,1,6,93.5,1,1,0,0,Long,Beginner
DLV471,23.0,20,Bike,Medium,Clear,6,15,81.0,1,0,0,0,Long,Experienced
DLV472,1.0,5,Bike,Low,Stormy,10,16,49.0,0,0,1,0,Short,Experienced
DLV473,3.0,5,Bike,High,Foggy,4,21,58.0,0,0,0,0,Short,Intermediate
DLV474,18.0,6,Truck,High,Foggy,5,19,93.5,1,1,0,0,Medium,Intermediate
DLV475,25.0,9,Truck,Low,Rainy,9,13,71.5,1,0,0,0,Long,Experienced
DLV476,10.0,2,Van,Low,Clear,7,22,26.5,0,0,0,0,Medium,Experienced
DLV477,22.0,12,Truck,Medium,Rainy,7,17,94.5,1,1,1,0,Long,Experienced
DLV478,26.0,3,Van,High,Stormy,2,22,115.0,1,1,0,0,Long,Intermediate
DLV479,3.0,20,Van,High,Foggy,6,19,73.0,1,0,0,0,Short,Experienced
DLV480,8.0,12,Truck,Low,Foggy,0,21,57.0,0,0,0,0,Medium,Beginner
DLV481,14.0,17,Van,High,Rainy,0,19,94.0,1,1,0,0,Medium,Beginner
DLV482,24.0,10,Truck,Medium,Stormy,6,14,94.0,1,1,0,0,Long,Experienced
DLV483,18.0,14,Van,High,Foggy,9,9,87.5,1,0,1,0,Medium,Experienced
DLV484,15.0,17,Truck,Low,Stormy,8,16,89.0,1,0,1,0,Medium,Experienced
DLV485,22.0,18,Truck,Low,Stormy,6,11,90.0,1,0,0,0,Long,Experienced
DLV486,23.0,19,Van,Medium,Rainy,9,20,82.5,1,0,0,0,Long,Experienced
DLV487,2.0,17,Bike,Medium,Clear,4,10,38.0,0,0,0,0,Short,Intermediate
DLV488,27.0,14,Van,High,Rainy,7,16,120.5,1,1,1,0,Long,Experienced
DLV489,10.0,9,Truck,High,Clear,1,18,80.5,1,0,1,0,Medium,Beginner
DLV490,2.0,8,Bike,Low,Stormy,8,16,53.0,0,0,1,0,Short,Experienced
DLV491,26.0,2,Van,Medium,Clear,5,19,68.5,0,0,0,0,Long,Intermediate
DLV492,17.0,13,Van,Medium,Stormy,8,20,86.0,1,0,0,0,Medium,Experienced
DLV493,8.0,7,Van,Medium,Foggy,1,14,64.5,0,0,0,0,Medium,Beginner
DLV494,1.0,9,Bike,High,Foggy,2,13,62.0,0,0,0,0,Short,Intermediate
DLV495,9.0,11,Truck,Medium,Foggy,7,6,56.5,0,0,0,0,Medium,Experienced
DLV496,11.0,14,Van,Low,Rainy,0,9,66.0,0,0,1,0,Medium,Beginner
DLV497,22.0,4,Van,Low,Rainy,9,19,55.5,0,0,0,0,Long,Experienced
DLV498,16.0,13,Van,High,Stormy,6,7,112.0,1,1,1,0,Medium,Experienced
DLV499,7.0,2,Van,High,Foggy,6,21,61.0,0,0,0,0,Medium,Experienced
DLV500,29.0,5,Van,Medium,Rainy,0,8,114.0,1,1,1,0,Long,Beginner
DLV501,10.0,11,Truck,High,Foggy,8,13,78.0,1,0,0,0,Medium,Experienced
DLV502,23.0,6,Truck,Low,Rainy,7,11,70.5,1,0,0,0,Long,Experienced
DLV503,26.0,18,Van,Medium,Clear,3,21,93.5,1,1,0,0,Long,Intermediate
DLV504,3.0,10,Bike,Low,Clear,9,21,18.5,0,0,0,0,Short,Experienced
DLV505,18.0,4,Truck,Medium,Foggy,10,12,64.0,0,0,0,0,Medium,Experienced
DLV506,25.0,9,Bike,High,Stormy,4,18,137.0,1,1,1,0,Long,Intermediate
DLV507,24.0,6,Truck,Medium,Rainy,1,18,106.5,1,1,1,0,Long,Beginner
DLV508,13.0,2,Van,Medium,Rainy,8,10,55.0,0,0,0,0,Medium,Experienced
DLV509,28.0,17,Truck,Low,Clear,5,20,80.5,1,0,0,0,Long,Intermediate
DLV510,26.0,5,Van,Low,Clear,2,7,89.0,1,0,1,0,Long,Intermediate
DLV511,7.0,6,Truck,Medium,Stormy,6,15,58.0,0,0,0,0,Medium,Experienced
DLV512,25.0,12,Van,High,Stormy,8,18,129.0,1,1,1,0,Long,Experienced
DLV513,4.0,10,Van,High,Stormy,2,20,82.0,1,0,0,0,Short,Intermediate
DLV514,13.0,6,Van,Low,Foggy,1,17,70.5,1,0,1,0,Medium,Beginner
DLV515,20.0,8,Van,High,Clear,6,20,74.0,1,0,0,0,Medium,Experienced
DLV516,1.0,2,Bike,Low,Foggy,6,18,41.0,0,0,1,0,Short,Experienced
DLV517,8.0,12,Van,High,Clear,3,20,62.5,0,0,0,0,Medium,Intermediate
DLV518,14.0,13,Bike,Medium,Clear,10,16,65.0,0,0,1,0,Medium,Experienced
DLV519,16.0,7,Bike,Low,Rainy,8,8,62.0,0,0,1,0,Medium,Experienced
DLV520,14.0,10,Van,Low,Clear,7,12,45.5,0,0,0,0,Medium,Experienced
DLV521,12.0,13,Bike,Medium,Clear,0,19,57.0,0,0,0,0,Medium,Beginner
DLV522,19.0,17,Truck,Low,Foggy,0,19,84.0,1,0,0,0,Medium,Beginner
DLV523,23.0,14,Van,High,Clear,4,18,113.0,1,1,1,0,Long,Intermediate
DLV524,15.0,2,Bike,High,Foggy,5,17,97.5,1,1,1,0,Medium,Intermediate
DLV525,28.0,11,Van,Low,Stormy,2,14,102.0,1,1,0,0,Long,Intermediate
DLV526,2.0,1,Van,High,Clear,8,6,35.0,0,0,0,0,Short,Experienced
DLV527,2.0,19,Van,Low,Clear,9,16,39.5,0,0,1,0,Short,Experienced
DLV528,23.0,4,Bike,Medium,Foggy,5,17,102.5,1,1,1,0,Long,Intermediate
DLV529,22.0,19,Truck,Low,Stormy,3,6,95.5,1,1,0,0,Long,Intermediate
DLV530,19.0,11,Truck,Medium,Rainy,6,22,73.0,1,0,0,0,Medium,Experienced
DLV531,25.0,8,Bike,High,Stormy,7,10,108.5,1,1,0,0,Long,Experienced
DLV532,26.0,11,Van,Medium,Foggy,8,8,101.0,1,1,1,0,Long,Experienced
DLV533,30.0,4,Bike,High,Stormy,10,7,131.0,1,1,1,0,Long,Experienced
DLV534,29.0,17,Bike,Low,Foggy,5,8,107.5,1,1,1,0,Long,Intermediate
DLV535,22.0,7,Bike,High,Foggy,5,13,103.5,1,1,0,0,Long,Intermediate
DLV536,26.0,8,Van,Low,Rainy,7,21,69.5,0,0,0,0,Long,Experienced
DLV537,26.0,3,Bike,Low,Clear,4,11,62.0,0,0,0,0,Long,Intermediate
DLV538,22.0,2,Van,Medium,Foggy,2,18,102.0,1,1,1,0,Long,Intermediate
DLV539,17.0,15,Bike,Medium,Foggy,2,21,90.0,1,0,0,0,Medium,Intermediate
DLV540,20.0,5,Truck,Medium,Rainy,5,21,72.5,1,0,0,0,Medium,Intermediate
DLV541,10.0,1,Bike,Medium,Foggy,1,8,77.5,1,0,1,0,Medium,Beginner
DLV542,6.0,4,Bike,High,Clear,5,18,58.5,0,0,1,0,Medium,Intermediate
DLV543,15.0,15,Truck,High,Rainy,5,19,88.5,1,0,0,0,Medium,Intermediate
DLV544,22.0,20,Van,High,Clear,7,13,97.5,1,1,0,0,Long,Experienced
DLV545,11.0,19,Van,Low,Clear,6,17,67.0,0,0,1,0,Medium,Experienced
DLV546,28.0,3,Bike,High,Rainy,7,13,97.5,1,1,0,0,Long,Experienced
DLV547,5.0,20,Truck,High,Foggy,8,14,75.0,1,0,0,0,Short,Experienced
DLV548,1.0,11,Van,High,Clear,5,6,46.5,0,0,0,0,Short,Intermediate
DLV549,8.0,17,Bike,Medium,Clear,2,11,53.0,0,0,0,0,Medium,Intermediate
DLV550,21.0,13,Truck,High,Clear,9,16,94.5,1,1,1,0,Long,Experienced
DLV551,28.0,11,Van,Low,Clear,2,16,94.0,1,1,1,0,Long,Intermediate
DLV552,12.0,2,Van,Medium,Rainy,10,18,61.0,0,0,1,0,Medium,Experienced
DLV553,12.0,9,Truck,Low,Rainy,0,16,76.0,1,0,1,0,Medium,Beginner
DLV554,5.0,2,Truck,High,Stormy,10,20,61.0,0,0,0,0,Short,Experienced
DLV555,7.0,9,Truck,Medium,Stormy,4,6,69.0,0,0,0,0,Medium,Intermediate
DLV556,4.0,9,Truck,Low,Clear,3,12,26.5,0,0,0,0,Short,Intermediate
DLV557,6.0,8,Bike,High,Foggy,8,18,74.0,1,0,1,0,Medium,Experienced
DLV558,13.0,17,Truck,Low,Clear,8,17,61.0,0,0,1,0,Medium,Experienced
DLV559,20.0,1,Van,Low,Foggy,4,20,68.0,0,0,0,0,Medium,Intermediate
DLV560,30.0,11,Van,Low,Clear,9,13,69.5,0,0,0,0,Long,Experienced
DLV561,15.0,8,Bike,High,Stormy,3,15,93.5,1,1,0,0,Medium,Intermediate
DLV562,3.0,10,Van,High,Stormy,6,12,67.0,0,0,0,0,Short,Experienced
DLV563,23.0,7,Van,Low,Foggy,5,21,72.5,1,0,0,0,Long,Intermediate
DLV564,8.0,3,Truck,Medium,Clear,3,11,43.5,0,0,0,0,Medium,Intermediate
DLV565,20.0,3,Van,Medium,Foggy,9,14,68.5,0,0,0,0,Medium,Experienced
DLV566,16.0,18,Bike,High,Stormy,1,18,125.5,1,1,1,0,Medium,Beginner
DLV567,13.0,5,Truck,High,Clear,0,13,74.0,1,0,0,0,Medium,Beginner
DLV568,18.0,12,Truck,High,Clear,3,21,85.5,1,0,0,0,Medium,Intermediate
DLV569,28.0,12,Bike,High,Foggy,3,18,130.5,1,1,1,0,Long,Intermediate
DLV570,10.0,19,Truck,High,Rainy,0,18,107.0,1,1,1,0,Medium,Beginner
DLV571,30.0,6,Truck,Medium,Foggy,5,22,98.5,1,1,0,0,Long,Intermediate
DLV572,19.0,2,Bike,High,Stormy,3,10,101.5,1,1,0,0,Medium,Intermediate
DLV573,17.0,12,Truck,Low,Stormy,0,22,84.0,1,0,0,0,Medium,Beginner
DLV574,24.0,19,Bike,Low,Stormy,0,14,105.0,1,1,0,0,Long,Beginner
DLV575,19.0,5,Bike,Medium,Stormy,0,7,104.0,1,1,1,0,Medium,Beginner
DLV576,28.0,12,Van,Low,Stormy,7,14,96.5,1,1,0,0,Long,Experienced
DLV577,26.0,17,Van,Medium,Rainy,9,11,92.5,1,1,0,0,Long,Experienced
DLV578,23.0,17,Truck,Medium,Clear,7,16,93.5,1,1,1,0,Long,Experienced
DLV579,26.0,10,Truck,Low,Foggy,1,11,91.5,1,1,0,0,Long,Beginner
DLV580,5.0,17,Bike,High,Foggy,10,11,67.0,0,0,0,0,Short,Experienced
DLV581,26.0,15,Truck,Low,Stormy,6,18,110.0,1,1,1,0,Long,Experienced
DLV582,21.0,12,Bike,Low,Foggy,7,16,87.5,1,0,1,0,Long,Experienced
DLV583,30.0,16,Bike,Medium,Stormy,7,19,110.5,1,1,0,0,Long,Experienced
DLV584,23.0,19,Truck,Low,Rainy,10,7,91.0,1,1,1,0,Long,Experienced
DLV585,9.0,8,Bike,Medium,Rainy,9,13,50.5,0,0,0,0,Medium,Experienced
DLV586,12.0,17,Van,High,Clear,10,8,76.0,1,0,1,0,Medium,Experienced
DLV587,21.0,5,Truck,High,Rainy,6,8,99.0,1,1,1,0,Long,Experienced
DLV588,1.0,16,Van,High,Rainy,4,6,59.0,0,0,0,0,Short,Intermediate
DLV589,26.0,6,Truck,Low,Clear,0,22,70.0,0,0,0,0,Long,Beginner
DLV590,26.0,8,Bike,Medium,Foggy,8,18,105.0,1,1,1,0,Long,Experienced
DLV591,1.0,18,Truck,High,Stormy,6,8,92.0,1,1,1,0,Short,Experienced
DLV592,15.0,12,Van,Medium,Stormy,1,6,90.5,1,1,0,0,Medium,Beginner
DLV593,2.0,15,Bike,Medium,Foggy,5,9,55.5,0,0,1,0,Short,Intermediate
DLV594,30.0,9,Truck,High,Clear,1,18,126.5,1,1,1,0,Long,Beginner
DLV595,22.0,13,Truck,High,Foggy,0,22,117.0,1,1,0,0,Long,Beginner
DLV596,16.0,15,Truck,Medium,Rainy,6,16,86.0,1,0,1,0,Medium,Experienced
DLV597,25.0,10,Van,High,Clear,1,7,116.5,1,1,1,0,Long,Beginner
DLV598,8.0,16,Van,Medium,Clear,1,21,50.5,0,0,0,0,Medium,Beginner
DLV599,13.0,7,Truck,Medium,Clear,10,7,63.0,0,0,1,0,Medium,Experienced
DLV600,21.0,17,Bike,High,Stormy,4,21,114.0,1,1,0,0,Long,Intermediate
DLV601,1.0,7,Bike,Low,Foggy,4,14,31.0,0,0,0,0,Short,Intermediate
DLV602,16.0,14,Van,High,Clear,6,6,74.0,1,0,0,0,Medium,Experienced
DLV603,29.0,15,Bike,Low,Clear,0,15,83.0,1,0,0,0,Long,Beginner
DLV604,7.0,7,Van,Medium,Clear,7,6,34.5,0,0,0,0,Medium,Experienced
DLV605,5.0,9,Truck,Medium,Foggy,2,7,72.0,1,0,1,0,Short,Intermediate
DLV606,22.0,19,Van,Low,Stormy,3,21,94.5,1,1,0,0,Long,Intermediate
DLV607,29.0,16,Van,Medium,Rainy,8,17,111.0,1,1,1,0,Long,Experienced
DLV608,23.0,8,Truck,Low,Stormy,3,13,89.5,1,0,0,0,Long,Intermediate
DLV609,3.0,18,Bike,Low,Clear,9,7,45.5,0,0,1,0,Short,Experienced
DLV610,12.0,18,Van,Medium,Stormy,4,18,102.0,1,1,1,0,Medium,Intermediate
DLV611,26.0,20,Van,Low,Stormy,6,11,98.0,1,1,0,0,Long,Experienced
DLV612,16.0,7,Truck,High,Rainy,3,11,85.5,1,0,0,0,Medium,Intermediate
DLV613,19.0,3,Bike,High,Foggy,0,14,94.0,1,1,0,0,Medium,Beginner
DLV614,5.0,18,Van,Medium,Foggy,8,21,58.0,0,0,0,0,Short,Experienced
DLV615,22.0,10,Truck,Medium,Stormy,3,16,112.5,1,1,1,0,Long,Intermediate
DLV616,25.0,7,Van,Low,Stormy,8,12,85.0,1,0,0,0,Long,Experienced
DLV617,29.0,17,Truck,Low,Foggy,5,15,100.5,1,1,0,0,Long,Intermediate
DLV618,14.0,14,Bike,Low,Foggy,0,15,71.0,1,0,0,0,Medium,Beginner
DLV619,28.0,3,Bike,Low,Rainy,2,14,79.0,1,0,0,0,Long,Intermediate
DLV620,5.0,12,Bike,High,Clear,10,20,49.0,0,0,0,0,Short,Experienced
DLV621,15.0,13,Bike,High,Stormy,1,9,109.5,1,1,1,0,Medium,Beginner
DLV622,17.0,2,Van,Medium,Foggy,8,13,62.0,0,0,0,0,Medium,Experienced
DLV623,30.0,3,Van,Low,Stormy,0,14,100.0,1,1,0,0,Long,Beginner
DLV624,14.0,5,Bike,Low,Stormy,8,18,78.0,1,0,1,0,Medium,Experienced
DLV625,30.0,11,Bike,Medium,Foggy,8,14,98.0,1,1,0,0,Long,Experienced
DLV626,20.0,8,Bike,Low,Rainy,7,9,58.5,0,0,1,0,Medium,Experienced
DLV627,5.0,12,Van,Low,Stormy,7,22,55.5,0,0,0,0,Short,Experienced
DLV628,12.0,7,Bike,Low,Rainy,10,21,44.0,0,0,0,0,Medium,Experienced
DLV629,16.0,15,Bike,Low,Foggy,0,20,74.0,1,0,0,0,Medium,Beginner
DLV630,26.0,17,Bike,Low,Clear,10,8,80.0,1,0,1,0,Long,Experienced
DLV631,26.0,4,Truck,Medium,Clear,7,10,65.5,0,0,0,0,Long,Experienced
DLV632,16.0,13,Bike,Low,Stormy,9,10,73.5,1,0,0,0,Medium,Experienced
DLV633,21.0,18,Truck,Medium,Foggy,2,20,102.0,1,1,0,0,Long,Intermediate
DLV634,7.0,1,Truck,Low,Rainy,10,20,22.0,0,0,0,0,Medium,Experienced
DLV635,4.0,16,Bike,High,Stormy,6,7,96.0,1,1,1,0,Short,Experienced
DLV636,1.0,13,Truck,High,Foggy,10,18,65.0,0,0,1,0,Short,Experienced
DLV637,30.0,10,Bike,High,Foggy,0,9,120.0,1,1,1,0,Long,Beginner
DLV638,30.0,12,Van,High,Rainy,0,15,125.0,1,1,0,0,Long,Beginner
DLV639,5.0,2,Van,Medium,Stormy,9,18,65.5,0,0,1,0,Short,Experienced
DLV640,23.0,3,Van,Medium,Foggy,4,15,80.0,1,0,0,0,Long,Intermediate
DLV641,26.0,10,Van,Low,Foggy,4,14,86.0,1,0,0,0,Long,Intermediate
DLV642,10.0,2,Truck,High,Foggy,7,13,71.5,1,0,0,0,Medium,Experienced
DLV643,22.0,13,Bike,Medium,Rainy,6,8,95.0,1,1,1,0,Long,Experienced
DLV644,5.0,13,Bike,Low,Stormy,7,21,50.5,0,0,0,0,Short,Experienced
DLV645,4.0,18,Bike,Low,Stormy,5,19,53.5,0,0,0,0,Short,Intermediate
DLV646,2.0,3,Van,Medium,Stormy,5,14,48.5,0,0,0,0,Short,Intermediate
DLV647,20.0,7,Van,High,Stormy,1,16,120.5,1,1,1,0,Medium,Beginner
DLV648,10.0,14,Bike,Low,Clear,5,8,51.5,0,0,1,0,Medium,Intermediate
DLV649,26.0,20,Van,High,Clear,4,10,110.0,1,1,0,0,Long,Intermediate
DLV650,19.0,17,Bike,High,Stormy,2,15,122.0,1,1,0,0,Medium,Intermediate
DLV651,26.0,12,Bike,High,Rainy,5,18,126.5,1,1,1,0,Long,Intermediate
DLV652,1.0,16,Bike,Low,Clear,7,9,23.5,0,0,1,0,Short,Experienced
DLV653,24.0,12,Bike,High,Foggy,8,18,118.0,1,1,1,0,Long,Experienced
DLV654,5.0,15,Bike,Low,Clear,0,17,51.0,0,0,1,0,Short,Beginner
DLV655,13.0,10,Bike,High,Foggy,2,10,93.0,1,1,0,0,Medium,Intermediate
DLV656,4.0,7,Bike,Low,Stormy,2,15,48.0,0,0,0,0,Short,Intermediate
DLV657,16.0,20,Van,High,Clear,10,14,82.0,1,0,0,0,Medium,Experienced
DLV658,24.0,5,Bike,Medium,Rainy,7,12,78.5,1,0,0,0,Long,Experienced
DLV659,16.0,1,Bike,High,Clear,0,7,83.0,1,0,1,0,Medium,Beginner
DLV660,23.0,17,Van,High,Clear,4,12,93.0,1,1,0,0,Long,Intermediate
DLV661,2.0,3,Van,Low,Clear,2,13,21.0,0,0,0,0,Short,Intermediate
DLV662,17.0,13,Van,Low,Stormy,1,12,85.5,1,0,0,0,Medium,Beginner
DLV663,28.0,14,Bike,High,Rainy,7,19,105.5,1,1,0,0,Long,Experienced
DLV664,27.0,18,Truck,Medium,Clear,2,10,95.0,1,1,0,0,Long,Intermediate
DLV665,20.0,4,Truck,Medium,Rainy,6,17,83.0,1,0,1,0,Medium,Experienced
DLV666,24.0,18,Van,Low,Stormy,10,22,87.0,1,0,0,0,Long,Experienced
DLV667,12.0,5,Truck,Medium,Foggy,0,18,84.0,1,0,1,0,Medium,Beginner
DLV668,18.0,16,Van,High,Clear,5,7,104.5,1,1,1,0,Medium,Intermediate
DLV669,3.0,1,Bike,Low,Rainy,2,18,47.0,0,0,1,0,Short,Intermediate
DLV670,28.0,14,Truck,High,Rainy,7,12,114.5,1,1,0,0,Long,Experienced
DLV671,1.0,15,Bike,Low,Stormy,5,15,52.5,0,0,0,0,Short,Intermediate
DLV672,1.0,9,Truck,Low,Clear,1,11,26.5,0,0,0,0,Short,Beginner
DLV673,29.0,15,Bike,Low,Foggy,5,8,107.5,1,1,1,0,Long,Intermediate
DLV674,19.0,17,Truck,Low,Rainy,6,8,83.0,1,0,1,0,Medium,Experienced
DLV675,11.0,4,Bike,Medium,Clear,4,16,56.0,0,0,1,0,Medium,Intermediate
DLV676,5.0,12,Bike,High,Foggy,2,10,73.0,1,0,0,0,Short,Intermediate
DLV677,12.0,5,Truck,High,Rainy,3,20,72.5,1,0,0,0,Medium,Intermediate
DLV678,3.0,5,Bike,High,Rainy,3,21,57.5,0,0,0,0,Short,Intermediate
DLV679,1.0,11,Bike,Low,Foggy,5,14,33.5,0,0,0,0,Short,Intermediate
DLV680,1.0,6,Bike,Medium,Foggy,9,9,37.5,0,0,1,0,Short,Experienced
DLV681,8.0,7,Truck,High,Stormy,0,20,84.0,1,0,0,0,Medium,Beginner
DLV682,10.0,14,Truck,Medium,Clear,10,17,64.0,0,0,1,0,Medium,Experienced
DLV683,11.0,11,Bike,Low,Clear,3,8,58.5,0,0,1,0,Medium,Intermediate
DLV684,12.0,13,Bike,High,Stormy,9,19,89.5,1,0,0,0,Medium,Experienced
DLV685,29.0,2,Truck,Medium,Rainy,3,22,88.5,1,0,0,0,Long,Intermediate
DLV686,13.0,7,Truck,Low,Foggy,9,11,49.5,0,0,0,0,Medium,Experienced
DLV687,12.0,20,Bike,Medium,Foggy,0,9,85.0,1,0,1,0,Medium,Beginner
DLV688,14.0,4,Bike,High,Foggy,8,12,73.0,1,0,0,0,Medium,Experienced
DLV689,2.0,8,Bike,High,Rainy,3,22,59.5,0,0,0,0,Short,Intermediate
DLV690,29.0,20,Van,Low,Foggy,6,21,102.0,1,1,0,0,Long,Experienced
DLV691,19.0,19,Truck,Low,Foggy,2,20,79.0,1,0,0,0,Medium,Intermediate
DLV692,18.0,13,Van,Low,Stormy,9,13,76.5,1,0,0,0,Medium,Experienced
DLV693,3.0,14,Truck,Medium,Rainy,2,13,55.0,0,0,0,0,Short,Intermediate
DLV694,23.0,10,Truck,Medium,Clear,7,21,74.5,1,0,0,0,Long,Experienced
DLV695,17.0,11,Truck,Medium,Stormy,7,15,83.5,1,0,0,0,Medium,Experienced
DLV696,26.0,2,Truck,Low,Stormy,10,22,75.0,1,0,0,0,Long,Experienced
DLV697,8.0,9,Truck,High,Clear,0,18,84.0,1,0,1,0,Medium,Beginner
DLV698,29.0,17,Truck,High,Stormy,9,18,141.5,1,1,1,0,Long,Experienced
DLV699,26.0,3,Truck,Medium,Rainy,1,12,89.5,1,0,0,0,Long,Beginner
DLV700,10.0,6,Van,Medium,Foggy,7,15,51.5,0,0,0,0,Medium,Experienced
DLV701,26.0,5,Bike,High,Rainy,0,7,118.0,1,1,1,0,Long,Beginner
DLV702,30.0,5,Bike,High,Clear,7,9,98.5,1,1,1,0,Long,Experienced
DLV703,2.0,15,Van,Medium,Clear,7,11,37.5,0,0,0,0,Short,Experienced
DLV704,19.0,17,Van,Medium,Stormy,1,11,98.5,1,1,0,0,Medium,Beginner
DLV705,9.0,9,Van,High,Rainy,3,22,70.5,1,0,0,0,Medium,Intermediate
DLV706,7.0,3,Van,Low,Rainy,5,19,35.5,0,0,0,0,Medium,Intermediate
DLV707,4.0,20,Truck,Medium,Clear,10,16,56.0,0,0,1,0,Short,Experienced
DLV708,26.0,17,Bike,High,Rainy,8,7,119.0,1,1,1,0,Long,Experienced
DLV709,21.0,10,Truck,High,Clear,7,8,101.5,1,1,1,0,Long,Experienced
DLV710,18.0,3,Bike,High,Rainy,7,16,94.5,1,1,1,0,Medium,Experienced
DLV711,13.0,18,Bike,High,Rainy,6,11,86.0,1,0,0,0,Medium,Experienced
DLV712,11.0,18,Van,Low,Rainy,8,19,54.0,0,0,0,0,Medium,Experienced
DLV713,29.0,17,Truck,High,Clear,1,21,109.5,1,1,0,0,Long,Beginner
DLV714,24.0,3,Van,Medium,Stormy,2,12,98.0,1,1,0,0,Long,Intermediate
DLV715,4.0,3,Truck,Low,Rainy,9,13,18.5,0,0,0,0,Short,Experienced
DLV716,25.0,6,Bike,High,Clear,7,21,85.5,1,0,0,0,Long,Experienced
DLV717,21.0,13,Van,Low,Clear,5,12,66.5,0,0,0,0,Long,Intermediate
DLV718,29.0,15,Van,Medium,Rainy,9,14,91.5,1,1,0,0,Long,Experienced
DLV719,25.0,9,Bike,High,Rainy,8,18,108.0,1,1,1,0,Long,Experienced
DLV720,4.0,4,Bike,Medium,Stormy,9,6,48.5,0,0,0,0,Short,Experienced
DLV721,10.0,14,Bike,High,Clear,3,13,65.5,0,0,0,0,Medium,Intermediate
DLV722,5.0,5,Van,High,Clear,7,9,43.5,0,0,1,0,Short,Experienced
DLV723,9.0,2,Truck,High,Foggy,9,8,72.5,1,0,1,0,Medium,Experienced
DLV724,24.0,11,Van,High,Clear,2,8,108.0,1,1,1,0,Long,Intermediate
DLV725,3.0,9,Truck,High,Stormy,2,18,89.0,1,0,1,0,Short,Intermediate
DLV726,17.0,3,Van,Low,Foggy,7,13,56.5,0,0,0,0,Medium,Experienced
DLV727,3.0,9,Van,High,Foggy,4,12,64.0,0,0,0,0,Short,Intermediate
DLV728,16.0,3,Bike,High,Foggy,2,6,91.0,1,1,0,0,Medium,Intermediate
DLV729,4.0,2,Truck,Low,Rainy,9,21,18.5,0,0,0,0,Short,Experienced
DLV730,18.0,12,Van,Low,Rainy,10,11,55.0,0,0,0,0,Medium,Experienced
DLV731,17.0,10,Van,Low,Clear,0,12,54.0,0,0,0,0,Medium,Beginner
DLV732,7.0,9,Bike,Low,Foggy,2,17,66.0,0,0,1,0,Medium,Intermediate
DLV733,24.0,15,Bike,Low,Stormy,8,14,93.0,1,1,0,0,Long,Experienced
DLV734,23.0,8,Truck,Low,Rainy,4,16,84.0,1,0,1,0,Long,Intermediate
DLV735,30.0,5,Van,High,Stormy,9,15,114.5,1,1,0,0,Long,Experienced
DLV736,5.0,11,Truck,High,Stormy,1,6,88.5,1,0,0,0,Short,Beginner
DLV737,12.0,2,Van,Medium,Rainy,6,9,53.0,0,0,1,0,Medium,Experienced
DLV738,17.0,15,Truck,High,Rainy,1,10,99.5,1,1,0,0,Medium,Beginner
DLV739,23.0,6,Bike,High,Rainy,3,14,92.5,1,1,0,0,Long,Intermediate
DLV740,13.0,8,Van,Low,Rainy,6,22,48.0,0,0,0,0,Medium,Experienced
DLV741,23.0,5,Truck,Low,Foggy,3,8,91.5,1,1,1,0,Long,Intermediate
DLV742,25.0,16,Bike,High,Foggy,6,21,109.0,1,1,0,0,Long,Experienced
DLV743,3.0,18,Bike,Medium,Foggy,6,10,54.0,0,0,0,0,Short,Experienced
DLV744,9.0,6,Truck,Low,Foggy,0,21,58.0,0,0,0,0,Medium,Beginner
DLV745,30.0,5,Van,High,Clear,5,8,115.5,1,1,1,0,Long,Intermediate
DLV746,17.0,16,Van,High,Foggy,8,20,98.0,1,1,0,0,Medium,Experienced
DLV747,17.0,13,Bike,Medium,Rainy,1,8,92.5,1,1,1,0,Medium,Beginner
DLV748,30.0,5,Van,Medium,Stormy,2,19,111.0,1,1,0,0,Long,Intermediate
DLV749,20.0,13,Van,Low,Foggy,9,21,71.5,1,0,0,0,Medium,Experienced
DLV750,16.0,17,Van,Medium,Clear,4,22,68.0,0,0,0,0,Medium,Intermediate
DLV751,25.0,18,Bike,High,Rainy,8,19,104.0,1,1,0,0,Long,Experienced
DLV752,22.0,8,Truck,High,Stormy,3,20,114.5,1,1,0,0,Long,Intermediate
DLV753,13.0,13,Van,Medium,Stormy,0,20,94.0,1,1,0,0,Medium,Beginner
DLV754,27.0,19,Bike,Medium,Foggy,3,11,105.5,1,1,0,0,Long,Intermediate
DLV755,19.0,3,Bike,Medium,Stormy,5,20,80.5,1,0,0,0,Medium,Intermediate
DLV756,17.0,8,Truck,Medium,Foggy,4,9,74.0,1,0,1,0,Medium,Intermediate
DLV757,4.0,2,Van,Low,Foggy,0,13,43.0,0,0,0,0,Short,Beginner
DLV758,12.0,8,Van,Medium,Rainy,3,20,61.5,0,0,0,0,Medium,Intermediate
DLV759,29.0,13,Truck,Low,Rainy,5,8,105.5,1,1,1,0,Long,Intermediate
DLV760,9.0,13,Truck,High,Clear,9,20,57.5,0,0,0,0,Medium,Experienced
DLV761,19.0,1,Bike,Medium,Rainy,9,18,72.5,1,0,1,0,Medium,Experienced
DLV762,12.0,6,Bike,Low,Rainy,3,14,52.5,0,0,0,0,Medium,Intermediate
DLV763,9.0,19,Truck,Medium,Foggy,8,7,83.0,1,0,1,0,Medium,Experienced
DLV764,7.0,16,Van,High,Rainy,4,13,76.0,1,0,0,0,Medium,Intermediate
DLV765,28.0,8,Bike,High,Foggy,7,22,106.5,1,1,0,0,Long,Experienced
DLV766,14.0,1,Bike,High,Foggy,8,18,92.0,1,1,1,0,Medium,Experienced
DLV767,20.0,16,Van,Medium,Rainy,9,6,77.5,1,0,0,0,Medium,Experienced
DLV768,19.0,9,Bike,Medium,Clear,4,7,76.0,1,0,1,0,Medium,Intermediate
DLV769,26.0,13,Van,Low,Clear,5,20,70.5,1,0,0,0,Long,Intermediate
DLV770,15.0,11,Van,High,Stormy,0,17,123.0,1,1,1,0,Medium,Beginner
DLV771,16.0,13,Van,Medium,Stormy,10,19,75.0,1,0,0,0,Medium,Experienced
DLV772,21.0,10,Truck,High,Rainy,6,7,105.0,1,1,1,0,Long,Experienced
DLV773,5.0,4,Truck,High,Clear,3,12,44.5,0,0,0,0,Short,Intermediate
DLV774,3.0,6,Truck,Low,Foggy,10,11,30.0,0,0,0,0,Short,Experienced
DLV775,12.0,7,Van,Low,Stormy,1,19,65.5,0,0,0,0,Medium,Beginner
DLV776,25.0,5,Van,Low,Foggy,4,13,82.0,1,0,0,0,Long,Intermediate
DLV777,20.0,11,Truck,Low,Stormy,2,7,101.0,1,1,1,0,Medium,Intermediate
DLV778,27.0,13,Bike,High,Rainy,5,22,105.5,1,1,0,0,Long,Intermediate
DLV779,21.0,19,Van,Low,Clear,7,10,63.5,0,0,0,0,Long,Experienced
DLV780,4.0,10,Bike,Low,Stormy,6,19,54.0,0,0,0,0,Short,Experienced
DLV781,21.0,10,Bike,Low,Clear,2,8,84.0,1,0,1,0,Long,Intermediate
DLV782,23.0,11,Van,Low,Foggy,7,10,80.5,1,0,0,0,Long,Experienced
DLV783,16.0,7,Van,High,Rainy,1,21,87.5,1,0,0,0,Medium,Beginner
DLV784,25.0,18,Bike,Low,Clear,9,22,74.5,1,0,0,0,Long,Experienced
DLV785,7.0,4,Bike,High,Rainy,8,16,72.0,1,0,1,0,Medium,Experienced
DLV786,13.0,2,Truck,Medium,Clear,3,22,45.5,0,0,0,0,Medium,Intermediate
DLV787,21.0,14,Truck,High,Foggy,0,21,108.0,1,1,0,0,Long,Beginner
DLV788,10.0,13,Van,High,Foggy,7,7,96.5,1,1,1,0,Medium,Experienced
DLV789,26.0,12,Truck,Low,Rainy,6,9,82.0,1,0,1,0,Long,Experienced
DLV790,7.0,7,Truck,Medium,Foggy,10,12,45.0,0,0,0,0,Medium,Experienced
DLV791,14.0,2,Truck,Medium,Stormy,4,7,87.0,1,0,1,0,Medium,Intermediate
DLV792,26.0,13,Truck,Medium,Clear,9,11,77.5,1,0,0,0,Long,Experienced
DLV793,5.0,14,Bike,Medium,Foggy,4,22,59.0,0,0,0,0,Short,Intermediate
DLV794,3.0,17,Van,High,Stormy,6,12,82.0,1,0,0,0,Short,Experienced
DLV795,23.0,9,Truck,Medium,Rainy,4,10,87.0,1,0,0,0,Long,Intermediate
DLV796,29.0,17,Bike,High,Stormy,7,10,128.5,1,1,0,0,Long,Experienced
DLV797,11.0,8,Bike,High,Rainy,10,21,67.0,0,0,0,0,Medium,Experienced
DLV798,11.0,2,Bike,High,Rainy,5,14,70.5,1,0,0,0,Medium,Intermediate
DLV799,18.0,13,Truck,Medium,Clear,4,10,63.0,0,0,0,0,Medium,Intermediate
DLV800,15.0,3,Truck,Low,Clear,8,13,39.0,0,0,0,0,Medium,Experienced
DLV801,12.0,16,Van,Low,Stormy,10,14,67.0,0,0,0,0,Medium,Experienced
DLV802,9.0,6,Truck,Medium,Clear,1,10,47.5,0,0,0,0,Medium,Beginner
DLV803,10.0,19,Truck,Low,Clear,0,15,51.0,0,0,0,0,Medium,Beginner
DLV804,26.0,7,Bike,Low,Clear,7,7,75.5,1,0,1,0,Long,Experienced
DLV805,12.0,10,Van,High,Stormy,2,14,98.0,1,1,0,0,Medium,Intermediate
DLV806,17.0,9,Truck,High,Foggy,10,16,97.0,1,1,1,0,Medium,Experienced
DLV807,29.0,2,Truck,Medium,Clear,6,9,80.0,1,0,1,0,Long,Experienced
DLV808,6.0,15,Bike,Medium,Clear,9,7,58.5,0,0,1,0,Medium,Experienced
DLV809,7.0,5,Bike,Low,Stormy,10,11,45.0,0,0,0,0,Medium,Experienced
DLV810,14.0,4,Truck,High,Foggy,7,19,75.5,1,0,0,0,Medium,Experienced
DLV811,13.0,20,Van,Medium,Clear,5,6,65.5,0,0,0,0,Medium,Intermediate
DLV812,8.0,4,Van,Medium,Rainy,9,12,45.5,0,0,0,0,Medium,Experienced
DLV813,10.0,18,Bike,Medium,Stormy,8,6,80.0,1,0,0,0,Medium,Experienced
DLV814,9.0,4,Bike,Medium,Clear,6,6,36.0,0,0,0,0,Medium,Experienced
DLV815,18.0,17,Truck,Medium,Clear,9,6,60.5,0,0,0,0,Medium,Experienced
DLV816,27.0,12,Bike,Medium,Rainy,4,9,92.0,1,1,1,0,Long,Intermediate
DLV817,26.0,17,Truck,Low,Rainy,7,9,85.5,1,0,1,0,Long,Experienced
DLV818,2.0,10,Van,High,Stormy,1,16,97.5,1,1,1,0,Short,Beginner
DLV819,5.0,1,Van,High,Stormy,6,6,68.0,0,0,0,0,Short,Experienced
DLV820,29.0,18,Truck,Medium,Rainy,3,15,102.5,1,1,0,0,Long,Intermediate
DLV821,5.0,18,Bike,High,Stormy,8,14,81.0,1,0,0,0,Short,Experienced
DLV822,6.0,14,Van,High,Rainy,0,9,79.0,1,0,1,0,Medium,Beginner
DLV823,19.0,15,Bike,High,Clear,6,11,82.0,1,0,0,0,Medium,Experienced
DLV824,8.0,12,Van,Medium,Rainy,5,21,58.5,0,0,0,0,Medium,Intermediate
DLV825,16.0,4,Truck,Medium,Rainy,7,7,71.5,1,0,1,0,Medium,Experienced
DLV826,13.0,3,Truck,High,Foggy,4,15,74.0,1,0,0,0,Medium,Intermediate
DLV827,1.0,20,Truck,High,Rainy,0,22,75.0,1,0,0,0,Short,Beginner
DLV828,22.0,12,Van,Medium,Rainy,0,18,107.0,1,1,1,0,Long,Beginner
DLV829,20.0,7,Bike,Low,Foggy,8,18,81.0,1,0,1,0,Medium,Experienced
DLV830,17.0,11,Bike,High,Stormy,9,22,91.5,1,1,0,0,Medium,Experienced
DLV831,7.0,1,Bike,Low,Foggy,5,10,42.5,0,0,0,0,Medium,Intermediate
DLV832,25.0,6,Van,High,Clear,9,16,97.5,1,1,1,0,Long,Experienced
DLV833,13.0,15,Van,Low,Foggy,4,12,66.0,0,0,0,0,Medium,Intermediate
DLV834,4.0,15,Van,Low,Clear,0,15,43.0,0,0,0,0,Short,Beginner
DLV835,4.0,19,Van,Low,Stormy,5,22,59.5,0,0,0,0,Short,Intermediate
DLV836,6.0,11,Van,Medium,Foggy,5,20,55.5,0,0,0,0,Medium,Intermediate
DLV837,28.0,2,Bike,Low,Foggy,2,7,96.0,1,1,1,0,Long,Intermediate
DLV838,19.0,14,Van,Low,Stormy,7,9,81.5,1,0,1,0,Medium,Experienced
DLV839,29.0,2,Van,Low,Clear,0,8,88.0,1,0,1,0,Long,Beginner
DLV840,12.0,4,Bike,High,Foggy,0,12,86.0,1,0,0,0,Medium,Beginner
DLV841,22.0,17,Van,Low,Clear,5,15,63.5,0,0,0,0,Long,Intermediate
DLV842,7.0,3,Bike,High,Foggy,9,12,60.5,0,0,0,0,Medium,Experienced
DLV843,27.0,13,Bike,Low,Rainy,0,13,91.0,1,1,0,0,Long,Beginner
DLV844,10.0,9,Truck,Low,Foggy,5,11,46.5,0,0,0,0,Medium,Intermediate
DLV845,26.0,7,Truck,Medium,Stormy,0,6,107.0,1,1,0,0,Long,Beginner
DLV846,19.0,15,Truck,High,Stormy,5,9,105.5,1,1,1,0,Medium,Intermediate
DLV847,7.0,11,Truck,Low,Clear,2,19,37.0,0,0,0,0,Medium,Intermediate
DLV848,30.0,20,Van,High,Foggy,7,22,120.5,1,1,0,0,Long,Experienced
DLV849,3.0,2,Truck,High,Clear,5,16,54.5,0,0,1,0,Short,Intermediate
DLV850,13.0,15,Bike,Medium,Clear,10,19,52.0,0,0,0,0,Medium,Experienced
DLV851,13.0,14,Van,Medium,Rainy,0,14,71.0,1,0,0,0,Medium,Beginner
DLV852,18.0,20,Truck,Medium,Rainy,4,20,85.0,1,0,0,0,Medium,Intermediate
DLV853,28.0,11,Bike,Medium,Stormy,7,17,121.5,1,1,1,0,Long,Experienced
DLV854,30.0,3,Van,Medium,Clear,2,15,84.0,1,0,0,0,Long,Intermediate
DLV855,26.0,17,Van,Medium,Stormy,5,11,110.5,1,1,0,0,Long,Intermediate
DLV856,20.0,12,Truck,Medium,Foggy,4,11,83.0,1,0,0,0,Medium,Intermediate
DLV857,28.0,15,Van,Medium,Clear,5,13,92.5,1,1,0,0,Long,Intermediate
DLV858,8.0,16,Bike,Low,Clear,9,6,37.5,0,0,0,0,Medium,Experienced
DLV859,29.0,5,Van,High,Foggy,0,22,123.0,1,1,0,0,Long,Beginner
DLV860,9.0,20,Bike,Medium,Foggy,6,22,65.0,0,0,0,0,Medium,Experienced
DLV861,7.0,6,Van,Medium,Stormy,8,20,59.0,0,0,0,0,Medium,Experienced
DLV862,1.0,19,Truck,High,Stormy,1,12,79.5,1,0,0,0,Short,Beginner
DLV863,3.0,5,Bike,Low,Foggy,9,8,42.5,0,0,1,0,Short,Experienced
DLV864,13.0,3,Van,High,Stormy,4,16,103.0,1,1,1,0,Medium,Intermediate
DLV865,28.0,1,Van,High,Foggy,9,14,95.5,1,1,0,0,Long,Experienced
DLV866,30.0,6,Van,Medium,Clear,3,15,82.5,1,0,0,0,Long,Intermediate
DLV867,25.0,15,Bike,High,Clear,5,7,108.5,1,1,1,0,Long,Intermediate
DLV868,28.0,2,Bike,High,Rainy,5,6,103.5,1,1,0,0,Long,Intermediate
DLV869,17.0,3,Bike,Medium,Clear,10,21,52.0,0,0,0,0,Medium,Experienced
DLV870,25.0,17,Truck,Medium,Foggy,1,22,104.5,1,1,0,0,Long,Beginner
DLV871,24.0,12,Truck,Medium,Stormy,1,11,109.5,1,1,0,0,Long,Beginner
DLV872,1.0,18,Bike,Medium,Rainy,3,19,49.5,0,0,0,0,Short,Intermediate
DLV873,6.0,15,Van,High,Stormy,0,20,93.0,1,1,0,0,Medium,Beginner
DLV874,21.0,12,Truck,High,Foggy,8,19,95.0,1,1,0,0,Long,Experienced
DLV875,6.0,16,Bike,Low,Clear,6,8,51.0,0,0,1,0,Medium,Experienced
DLV876,26.0,8,Van,Low,Rainy,6,17,96.0,1,1,1,0,Long,Experienced
DLV877,12.0,14,Truck,High,Foggy,2,7,109.0,1,1,1,0,Medium,Intermediate
DLV878,13.0,17,Van,Low,Rainy,10,8,73.0,1,0,1,0,Medium,Experienced
DLV879,13.0,8,Van,High,Rainy,2,6,85.0,1,0,0,0,Medium,Intermediate
DLV880,29.0,15,Van,Low,Clear,0,11,89.0,1,0,0,0,Long,Beginner
DLV881,15.0,14,Van,Medium,Foggy,2,10,85.0,1,0,0,0,Medium,Intermediate
DLV882,21.0,18,Truck,Low,Stormy,2,6,96.0,1,1,0,0,Long,Intermediate
DLV883,16.0,20,Truck,Medium,Rainy,3,6,87.5,1,0,0,0,Medium,Intermediate
DLV884,22.0,7,Truck,Medium,Rainy,3,21,81.5,1,0,0,0,Long,Intermediate
DLV885,21.0,3,Bike,Medium,Stormy,2,17,106.0,1,1,1,0,Long,Intermediate
DLV886,11.0,12,Truck,Medium,Foggy,9,13,61.5,0,0,0,0,Medium,Experienced
DLV887,28.0,3,Van,Low,Rainy,7,21,69.5,0,0,0,0,Long,Experienced
DLV888,5.0,20,Truck,High,Rainy,7,6,68.5,0,0,0,0,Short,Experienced
DLV889,4.0,14,Van,Medium,Rainy,0,9,61.0,0,0,1,0,Short,Beginner
DLV890,3.0,15,Bike,Low,Foggy,6,15,39.0,0,0,0,0,Short,Experienced
DLV891,19.0,14,Van,Medium,Foggy,10,16,95.0,1,1,1,0,Medium,Experienced
DLV892,20.0,7,Van,Low,Stormy,1,22,85.5,1,0,0,0,Medium,Beginner
DLV893,25.0,17,Van,Low,Foggy,0,12,101.0,1,1,0,0,Long,Beginner
DLV894,18.0,12,Bike,Low,Foggy,2,17,87.0,1,0,1,0,Medium,Intermediate
DLV895,15.0,20,Truck,High,Clear,3,12,86.5,1,0,0,0,Medium,Intermediate
DLV896,9.0,4,Truck,Low,Stormy,5,17,67.5,0,0,1,0,Medium,Intermediate
DLV897,17.0,9,Bike,Low,Rainy,9,20,51.5,0,0,0,0,Medium,Experienced
DLV898,14.0,6,Van,High,Foggy,4,7,100.0,1,1,1,0,Medium,Intermediate
DLV899,15.0,16,Truck,High,Rainy,3,19,89.5,1,0,0,0,Medium,Intermediate
DLV900,1.0,2,Bike,Low,Rainy,7,18,38.5,0,0,1,0,Short,Experienced
DLV901,21.0,8,Truck,High,Clear,10,9,70.0,0,0,1,0,Long,Experienced
DLV902,22.0,11,Bike,Medium,Foggy,3,19,90.5,1,1,0,0,Long,Intermediate
DLV903,22.0,13,Van,Medium,Stormy,9,19,97.5,1,1,0,0,Long,Experienced
DLV904,3.0,17,Truck,High,Foggy,1,21,81.5,1,0,0,0,Short,Beginner
DLV905,16.0,8,Bike,High,Rainy,2,12,92.0,1,1,0,0,Medium,Intermediate
DLV906,23.0,18,Truck,Low,Stormy,5,7,106.5,1,1,1,0,Long,Intermediate
DLV907,25.0,18,Truck,High,Foggy,7,15,111.5,1,1,0,0,Long,Experienced
DLV908,11.0,14,Truck,Low,Rainy,7,22,51.5,0,0,0,0,Medium,Experienced
DLV909,12.0,15,Truck,Medium,Rainy,10,10,59.0,0,0,0,0,Medium,Experienced
DLV910,10.0,6,Bike,High,Clear,8,17,65.0,0,0,1,0,Medium,Experienced
DLV911,16.0,11,Van,Low,Clear,6,11,54.0,0,0,0,0,Medium,Experienced
DLV912,8.0,13,Bike,Low,Clear,1,14,40.5,0,0,0,0,Medium,Beginner
DLV913,6.0,1,Bike,Medium,Rainy,7,6,42.5,0,0,0,0,Medium,Experienced
DLV914,12.0,6,Bike,High,Foggy,6,20,72.0,1,0,0,0,Medium,Experienced
DLV915,24.0,9,Van,Medium,Clear,7,11,76.5,1,0,0,0,Long,Experienced
DLV916,28.0,8,Truck,Low,Foggy,2,11,86.0,1,0,0,0,Long,Intermediate
DLV917,21.0,11,Truck,Low,Clear,6,18,71.0,1,0,1,0,Long,Experienced
DLV918,8.0,19,Truck,High,Stormy,9,6,83.5,1,0,0,0,Medium,Experienced
DLV919,26.0,9,Van,Low,Stormy,8,18,105.0,1,1,1,0,Long,Experienced
DLV920,28.0,17,Truck,High,Clear,2,12,105.0,1,1,0,0,Long,Intermediate
DLV921,4.0,12,Van,Medium,Rainy,9,20,44.5,0,0,0,0,Short,Experienced
DLV922,26.0,14,Truck,High,Clear,5,17,118.5,1,1,1,0,Long,Intermediate
DLV923,8.0,15,Truck,High,Clear,1,6,69.5,0,0,0,0,Medium,Beginner
DLV924,26.0,16,Bike,Low,Rainy,1,20,89.5,1,0,0,0,Long,Beginner
DLV925,28.0,20,Van,Low,Stormy,4,9,107.0,1,1,1,0,Long,Intermediate
DLV926,18.0,1,Bike,High,Foggy,4,18,98.0,1,1,1,0,Medium,Intermediate
DLV927,28.0,10,Bike,Low,Clear,6,10,68.0,0,0,0,0,Long,Experienced
DLV928,28.0,8,Bike,Low,Rainy,1,7,98.5,1,1,1,0,Long,Beginner
DLV929,5.0,18,Van,Low,Clear,10,6,32.0,0,0,0,0,Short,Experienced
DLV930,9.0,1,Van,High,Rainy,6,21,59.0,0,0,0,0,Medium,Experienced
DLV931,4.0,2,Truck,Low,Foggy,4,11,37.0,0,0,0,0,Short,Intermediate
DLV932,27.0,1,Bike,High,Foggy,5,21,98.5,1,1,0,0,Long,Intermediate
DLV933,22.0,1,Truck,Low,Stormy,7,19,70.5,1,0,0,0,Long,Experienced
DLV934,17.0,9,Bike,Medium,Rainy,9,8,79.5,1,0,1,0,Medium,Experienced
DLV935,9.0,13,Van,Low,Rainy,3,20,55.5,0,0,0,0,Medium,Intermediate
DLV936,1.0,1,Van,Low,Stormy,6,8,45.0,0,0,1,0,Short,Experienced
DLV937,21.0,13,Van,High,Stormy,5,7,125.5,1,1,1,0,Long,Intermediate
DLV938,20.0,20,Bike,High,Rainy,9,6,96.5,1,1,0,0,Medium,Experienced
DLV939,13.0,7,Van,Low,Stormy,1,14,70.5,1,0,0,0,Medium,Beginner
DLV940,28.0,2,Bike,Medium,Foggy,7,14,82.5,1,0,0,0,Long,Experienced
DLV941,16.0,6,Truck,Low,Clear,9,12,39.5,0,0,0,0,Medium,Experienced
DLV942,29.0,7,Bike,Low,Foggy,8,8,93.0,1,1,1,0,Long,Experienced
DLV943,13.0,14,Truck,Medium,Stormy,4,16,96.0,1,1,1,0,Medium,Intermediate
DLV944,14.0,18,Bike,High,Rainy,9,12,86.5,1,0,0,0,Medium,Experienced
DLV945,3.0,15,Truck,Low,Rainy,3,14,40.5,0,0,0,0,Short,Intermediate
DLV946,29.0,2,Van,High,Foggy,5,6,111.5,1,1,0,0,Long,Intermediate
DLV947,6.0,10,Truck,High,Rainy,7,19,60.5,0,0,0,0,Medium,Experienced
DLV948,18.0,12,Van,Medium,Stormy,10,11,87.0,1,0,0,0,Medium,Experienced
DLV949,19.0,17,Van,Medium,Foggy,2,12,92.0,1,1,0,0,Medium,Intermediate
DLV950,5.0,8,Truck,High,Rainy,9,15,58.5,0,0,0,0,Short,Experienced
DLV951,15.0,11,Bike,Low,Clear,10,12,43.0,0,0,0,0,Medium,Experienced
DLV952,25.0,3,Bike,High,Clear,10,7,92.0,1,1,1,0,Long,Experienced
DLV953,2.0,6,Bike,Low,Stormy,0,9,55.0,0,0,1,0,Short,Beginner
DLV954,10.0,9,Bike,Low,Rainy,3,22,44.5,0,0,0,0,Medium,Intermediate
DLV955,24.0,6,Bike,Medium,Stormy,3,6,98.5,1,1,0,0,Long,Intermediate
DLV956,30.0,9,Van,Low,Foggy,0,15,96.0,1,1,0,0,Long,Beginner
DLV957,18.0,7,Bike,Low,Clear,8,20,44.0,0,0,0,0,Medium,Experienced
DLV958,27.0,9,Van,High,Foggy,2,15,117.0,1,1,0,0,Long,Intermediate
DLV959,13.0,18,Van,Medium,Rainy,4,17,89.0,1,0,1,0,Medium,Intermediate
DLV960,5.0,12,Van,Low,Stormy,5,21,59.5,0,0,0,0,Short,Intermediate
DLV961,23.0,8,Truck,Low,Stormy,7,14,82.5,1,0,0,0,Long,Experienced
DLV962,24.0,8,Truck,Medium,Stormy,5,20,94.5,1,1,0,0,Long,Intermediate
DLV963,1.0,18,Van,High,Foggy,2,22,72.0,1,0,0,0,Short,Intermediate
DLV964,22.0,20,Truck,Medium,Clear,5,19,86.5,1,0,0,0,Long,Intermediate
DLV965,1.0,15,Bike,Medium,Foggy,0,7,72.0,1,0,1,0,Short,Beginner
DLV966,18.0,7,Bike,Low,Foggy,3,9,72.5,1,0,1,0,Medium,Intermediate
DLV967,15.0,11,Van,Low,Rainy,5,12,62.5,0,0,0,0,Medium,Intermediate
DLV968,17.0,20,Bike,High,Rainy,6,18,115.0,1,1,1,0,Medium,Experienced
DLV969,11.0,16,Van,Low,Rainy,10,20,48.0,0,0,0,0,Medium,Experienced
DLV970,21.0,4,Van,Low,Clear,10,6,49.0,0,0,0,0,Long,Experienced
DLV971,26.0,6,Bike,Medium,Clear,9,16,89.5,1,0,1,0,Long,Experienced
DLV972,25.0,3,Truck,Low,Rainy,2,15,77.0,1,0,0,0,Long,Intermediate
DLV973,22.0,9,Bike,High,Rainy,8,10,93.0,1,1,0,0,Long,Experienced
DLV974,27.0,10,Bike,Medium,Clear,6,21,75.0,1,0,0,0,Long,Experienced
DLV975,27.0,14,Van,High,Stormy,0,16,147.0,1,1,1,0,Long,Beginner
DLV976,17.0,11,Van,Medium,Clear,1,11,69.5,0,0,0,0,Medium,Beginner
DLV977,13.0,18,Van,Low,Clear,0,14,59.0,0,0,0,0,Medium,Beginner
DLV978,1.0,12,Van,Medium,Clear,10,18,38.0,0,0,1,0,Short,Experienced
DLV979,2.0,12,Truck,Medium,Rainy,8,13,41.0,0,0,0,0,Short,Experienced
DLV980,9.0,13,Truck,Low,Stormy,8,19,56.0,0,0,0,0,Medium,Experienced
DLV981,3.0,13,Truck,Low,Clear,6,6,25.0,0,0,0,0,Short,Experienced
DLV982,1.0,19,Van,High,Rainy,9,22,56.5,0,0,0,0,Short,Experienced
DLV983,21.0,19,Van,High,Foggy,2,10,115.0,1,1,0,0,Long,Intermediate
DLV984,16.0,14,Van,Low,Foggy,4,7,83.0,1,0,1,0,Medium,Intermediate
DLV985,23.0,4,Truck,Low,Clear,3,14,62.5,0,0,0,0,Long,Intermediate
DLV986,6.0,13,Van,Low,Foggy,6,9,50.0,0,0,1,0,Medium,Experienced
DLV987,28.0,8,Bike,Medium,Stormy,8,22,98.0,1,1,0,0,Long,Experienced
DLV988,17.0,19,Bike,Medium,Foggy,1,22,94.5,1,1,0,0,Medium,Beginner
DLV989,5.0,12,Van,Medium,Foggy,7,21,54.5,0,0,0,0,Short,Experienced
DLV990,5.0,18,Bike,Low,Stormy,8,13,60.0,0,0,0,0,Short,Experienced
DLV991,6.0,6,Bike,High,Clear,9,16,63.5,0,0,1,0,Medium,Experienced
DLV992,3.0,18,Truck,Low,Clear,9,15,25.5,0,0,0,0,Short,Experienced
DLV993,21.0,19,Van,Medium,Stormy,8,18,112.0,1,1,1,0,Long,Experienced
DLV994,23.0,5,Van,Medium,Stormy,9,22,85.5,1,0,0,0,Long,Experienced
DLV995,5.0,9,Truck,Low,Stormy,6,15,50.0,0,0,0,0,Short,Experienced
DLV996,21.0,3,Bike,Low,Foggy,8,21,62.0,0,0,0,0,Long,Experienced
DLV997,5.0,10,Bike,Medium,Stormy,8,10,58.0,0,0,0,0,Short,Experienced
DLV998,10.0,19,Van,Medium,Rainy,2,18,87.0,1,0,1,0,Medium,Intermediate
DLV999,10.0,3,Bike,Medium,Foggy,3,22,59.5,0,0,0,0,Medium,Intermediate
DLV1000,19.0,15,Truck,Low,Clear,1,14,69.5,0,0,0,0,Medium,Beginner
DLV11,19.0,17,Van,Medium,Rainy,0,16,104.0,1,1,1,0,Medium,Beginner
